id,label,category,hot_technology,in_demand,source,occurrences,occupations
24sevenoffice_project,24SevenOffice Project,Project management software,false,false,O*NET Technology Skills 30.2,1,Information Technology Project Managers
2ab_ilock_security_services,2AB iLock Security Services,Access software,false,false,O*NET Technology Skills 30.2,1,Telecommunications Engineering Specialists
3d_graphic_design,3D graphic design,Graphics or photo imaging software,false,false,O*NET Technology Skills 30.2,1,Video Game Designers
3d_graphics,3D graphics,Graphics or photo imaging software,false,false,O*NET Technology Skills 30.2,1,Computer and Information Research Scientists
3m_post_it_app,3M Post-it App,Word processing software,false,false,O*NET Technology Skills 30.2,10,Computer Systems Analysts; Computer Systems Engineers/Architects; Computer User Support Specialists; Database Architects; Information Security Analysts; Information Technology Project Managers; Software Developers; Software Quality Assurance Analysts and Testers; Web Developers; Web and Digital Interface Designers
a_programming_language_apl,A programming language APL,Development environment software,false,false,O*NET Technology Skills 30.2,3,Computer Programmers; Software Developers; Software Quality Assurance Analysts and Testers
ab_initio,Ab Initio,Enterprise resource planning ERP software,false,false,O*NET Technology Skills 30.2,2,Database Administrators; Database Architects
abc_compiler,ABC Compiler,Development environment software,false,false,O*NET Technology Skills 30.2,3,Computer Programmers; Software Developers; Software Quality Assurance Analysts and Testers
abc_the_aspectbench_compiler_for_aspectj,ABC: the AspectBench Compiler for AspectJ,Object or component oriented development software,false,false,O*NET Technology Skills 30.2,3,Computer Programmers; Software Developers; Software Quality Assurance Analysts and Testers
access_management,Access management,Access software,false,false,O*NET Technology Skills 30.2,7,Computer Network Architects; Computer Systems Analysts; Database Administrators; Database Architects; Information Security Analysts; Network and Computer Systems Administrators; Telecommunications Engineering Specialists
accessdata_ftk,AccessData FTK,Network monitoring software,false,false,O*NET Technology Skills 30.2,2,Digital Forensics Analysts; Information Security Analysts
acmestudio,AcmeStudio,Requirements analysis and system architecture software,false,false,O*NET Technology Skills 30.2,1,Computer Systems Analysts
acresso_installanywhere,Acresso InstallAnywhere,Object or component oriented development software,false,false,O*NET Technology Skills 30.2,1,Software Quality Assurance Analysts and Testers
acronis_recovery_expert,Acronis Recovery Expert,Backup or archival software,false,false,O*NET Technology Skills 30.2,2,Database Administrators; Database Architects
act_premium,ACT! Premium,Customer relationship management CRM software,false,false,O*NET Technology Skills 30.2,1,Computer and Information Systems Managers
actano_rplan,Actano Rplan,Project management software,false,false,O*NET Technology Skills 30.2,1,Information Technology Project Managers
active_directory,Active directory,Internet directory services software,true,true,O*NET Technology Skills 30.2,12,Computer Network Architects; Computer Network Support Specialists; Computer Systems Analysts; Computer Systems Engineers/Architects; Computer User Support Specialists; Digital Forensics Analysts; Information Security Analysts; Information Security Engineers; Network and Computer Systems Administrators; Penetration Testers; Software Developers; Web Administrators
actuate_eclipse_birt,Actuate Eclipse BIRT,Data base reporting software,false,false,O*NET Technology Skills 30.2,1,Business Intelligence Analysts
ada,Ada,Development environment software,false,false,O*NET Technology Skills 30.2,5,Computer Programmers; Computer Systems Analysts; Computer and Information Research Scientists; Software Developers; Software Quality Assurance Analysts and Testers
adaptive_metadata_manager,Adaptive Metadata Manager,Metadata management software,false,false,O*NET Technology Skills 30.2,1,Data Warehousing Specialists
adeptia_etl_suite,Adeptia ETL Suite,Development environment software,false,false,O*NET Technology Skills 30.2,2,Data Warehousing Specialists; Database Architects
adexa_egps_suite,Adexa eGPS Suite,Enterprise resource planning ERP software,false,false,O*NET Technology Skills 30.2,1,Network and Computer Systems Administrators
ado_net,ADO.NET,Data base management system software,false,false,O*NET Technology Skills 30.2,4,Database Administrators; Database Architects; Software Developers; Software Quality Assurance Analysts and Testers
adobe_acrobat,Adobe Acrobat,Document management software,true,false,O*NET Technology Skills 30.2,14,Business Intelligence Analysts; Computer Network Support Specialists; Computer Programmers; Computer Systems Analysts; Computer Systems Engineers/Architects; Computer User Support Specialists; Database Architects; Information Technology Project Managers; Network and Computer Systems Administrators; Software Developers; Software Quality Assurance Analysts and Testers; Web Administrators; Web Developers; Web and Digital Interface Designers
adobe_actionscript,Adobe ActionScript,Development environment software,false,false,O*NET Technology Skills 30.2,15,Business Intelligence Analysts; Computer Network Architects; Computer Programmers; Computer Systems Analysts; Computer Systems Engineers/Architects; Computer User Support Specialists; Information Security Analysts; Information Technology Project Managers; Network and Computer Systems Administrators; Software Developers; Software Quality Assurance Analysts and Testers; Video Game Designers; Web Administrators; Web Developers; Web and Digital Interface Designers
adobe_after_effects,Adobe After Effects,Video creation and editing software,true,false,O*NET Technology Skills 30.2,6,Computer Network Architects; Software Developers; Software Quality Assurance Analysts and Testers; Video Game Designers; Web Developers; Web and Digital Interface Designers
adobe_air,Adobe AIR,Development environment software,false,false,O*NET Technology Skills 30.2,1,Computer Systems Engineers/Architects
adobe_coldfusion,Adobe ColdFusion,Web platform development software,false,false,O*NET Technology Skills 30.2,3,Computer Programmers; Computer Systems Analysts; Web Administrators
adobe_creative_cloud,Adobe Creative Cloud,Graphics or photo imaging software,true,true,O*NET Technology Skills 30.2,9,Computer Systems Engineers/Architects; Computer User Support Specialists; Information Technology Project Managers; Software Developers; Software Quality Assurance Analysts and Testers; Video Game Designers; Web Administrators; Web Developers; Web and Digital Interface Designers
adobe_director,Adobe Director,Video creation and editing software,false,false,O*NET Technology Skills 30.2,1,Web Administrators
adobe_distiller,Adobe Distiller,Desktop publishing software,false,false,O*NET Technology Skills 30.2,2,Computer User Support Specialists; Computer and Information Systems Managers
adobe_dreamweaver,Adobe Dreamweaver,Web page creation and editing software,false,false,O*NET Technology Skills 30.2,14,Business Intelligence Analysts; Computer Programmers; Computer Systems Analysts; Computer Systems Engineers/Architects; Computer User Support Specialists; Database Administrators; Database Architects; Information Technology Project Managers; Network and Computer Systems Administrators; Software Developers; Software Quality Assurance Analysts and Testers; Web Administrators; Web Developers; Web and Digital Interface Designers
adobe_experience_manager_aem,Adobe Experience Manager (AEM),Web page creation and editing software,false,false,O*NET Technology Skills 30.2,1,Web Administrators
adobe_flex,Adobe Flex,Web platform development software,false,false,O*NET Technology Skills 30.2,8,Computer Programmers; Computer Systems Analysts; Computer Systems Engineers/Architects; Computer and Information Systems Managers; Software Developers; Software Quality Assurance Analysts and Testers; Web Developers; Web and Digital Interface Designers
adobe_framemaker,Adobe FrameMaker,Desktop publishing software,false,false,O*NET Technology Skills 30.2,1,Computer Systems Engineers/Architects
adobe_freehand_mx,Adobe FreeHand MX,Graphics or photo imaging software,false,false,O*NET Technology Skills 30.2,1,Web Administrators
adobe_illustrator,Adobe Illustrator,Graphics or photo imaging software,true,true,O*NET Technology Skills 30.2,10,Computer Programmers; Computer Systems Analysts; Computer User Support Specialists; Information Technology Project Managers; Software Developers; Software Quality Assurance Analysts and Testers; Video Game Designers; Web Administrators; Web Developers; Web and Digital Interface Designers
adobe_indesign,Adobe InDesign,Desktop publishing software,true,false,O*NET Technology Skills 30.2,7,Computer User Support Specialists; Information Technology Project Managers; Software Developers; Software Quality Assurance Analysts and Testers; Web Administrators; Web Developers; Web and Digital Interface Designers
adobe_macromedia_homesite,Adobe Macromedia HomeSite,Web page creation and editing software,false,false,O*NET Technology Skills 30.2,1,Web Administrators
adobe_pagemaker,Adobe PageMaker,Desktop publishing software,false,false,O*NET Technology Skills 30.2,1,Web Administrators
adobe_photoshop,Adobe Photoshop,Graphics or photo imaging software,true,true,O*NET Technology Skills 30.2,11,Computer Programmers; Computer Systems Analysts; Computer Systems Engineers/Architects; Computer User Support Specialists; Information Technology Project Managers; Software Developers; Software Quality Assurance Analysts and Testers; Video Game Designers; Web Administrators; Web Developers; Web and Digital Interface Designers
adobe_postscript,Adobe PostScript,Development environment software,false,false,O*NET Technology Skills 30.2,1,Computer Programmers
adobe_xd,Adobe XD,Graphics or photo imaging software,false,true,O*NET Technology Skills 30.2,1,Web and Digital Interface Designers
adp_workforce_now,ADP Workforce Now,Human resources software,false,false,O*NET Technology Skills 30.2,1,Computer Systems Analysts
advanced_business_application_programming_abap,Advanced business application programming ABAP,Object or component oriented development software,false,false,O*NET Technology Skills 30.2,18,Business Intelligence Analysts; Computer Network Architects; Computer Programmers; Computer Systems Analysts; Computer Systems Engineers/Architects; Computer User Support Specialists; Computer and Information Systems Managers; Data Warehousing Specialists; Database Administrators; Database Architects; Information Security Analysts; Information Technology Project Managers; Network and Computer Systems Administrators; Software Developers; Software Quality Assurance Analysts and Testers; Video Game Designers; Web Developers; Web and Digital Interface Designers
advanced_numerical,Advanced numerical,Analytical or scientific software,false,false,O*NET Technology Skills 30.2,1,Computer and Information Research Scientists
aec_software_fasttrack_schedule,AEC Software FastTrack Schedule,Project management software,false,false,O*NET Technology Skills 30.2,1,Information Technology Project Managers
airflow,Airflow,Procedure management software,true,true,O*NET Technology Skills 30.2,6,Computer Systems Engineers/Architects; Computer and Information Research Scientists; Data Scientists; Database Administrators; Database Architects; Software Developers
airmagnet_enterprise,AirMagnet Enterprise,Network monitoring software,false,false,O*NET Technology Skills 30.2,1,Computer Network Architects
airtable,Airtable,Data base user interface and query software,false,false,O*NET Technology Skills 30.2,6,Business Intelligence Analysts; Information Technology Project Managers; Software Developers; Software Quality Assurance Analysts and Testers; Web Developers; Web and Digital Interface Designers
ajax,AJAX,Web platform development software,true,false,O*NET Technology Skills 30.2,16,Business Intelligence Analysts; Computer Network Architects; Computer Programmers; Computer Systems Analysts; Computer Systems Engineers/Architects; Computer User Support Specialists; Database Administrators; Database Architects; Information Security Analysts; Information Technology Project Managers; Network and Computer Systems Administrators; Software Developers; Software Quality Assurance Analysts and Testers; Web Administrators; Web Developers; Web and Digital Interface Designers
algorithmic,Algorithmic,Analytical or scientific software,false,false,O*NET Technology Skills 30.2,1,Computer and Information Research Scientists
algorithmic_language_algol,Algorithmic language ALGOL,Development environment software,false,false,O*NET Technology Skills 30.2,3,Computer Programmers; Software Developers; Software Quality Assurance Analysts and Testers
allaire_coldfusion,Allaire ColdFusion,Web platform development software,false,false,O*NET Technology Skills 30.2,2,Software Developers; Software Quality Assurance Analysts and Testers
alpha_four,Alpha Four,Data base management system software,false,false,O*NET Technology Skills 30.2,1,Computer and Information Systems Managers
alteryx,Alteryx,Business intelligence and data analysis software,true,false,O*NET Technology Skills 30.2,3,Business Intelligence Analysts; Data Scientists; Software Developers
altia_design,Altia Design,Graphical user interface development software,false,false,O*NET Technology Skills 30.2,1,Computer Systems Engineers/Architects
altova_mapforce,Altova MapForce,Metadata management software,false,false,O*NET Technology Skills 30.2,2,Data Warehousing Specialists; Database Architects
amazon_data_pipeline,Amazon Data Pipeline,Data base management system software,false,false,O*NET Technology Skills 30.2,2,Database Administrators; Software Quality Assurance Analysts and Testers
amazon_dynamodb,Amazon DynamoDB,Data base management system software,true,false,O*NET Technology Skills 30.2,16,Business Intelligence Analysts; Computer Network Architects; Computer Programmers; Computer Systems Analysts; Computer Systems Engineers/Architects; Computer and Information Research Scientists; Data Warehousing Specialists; Database Administrators; Database Architects; Information Security Analysts; Information Technology Project Managers; Network and Computer Systems Administrators; Software Developers; Software Quality Assurance Analysts and Testers; Web Developers; Web and Digital Interface Designers
amazon_ec2,Amazon EC2,Data base user interface and query software,true,false,O*NET Technology Skills 30.2,17,Business Intelligence Analysts; Computer Network Architects; Computer Programmers; Computer Systems Analysts; Computer Systems Engineers/Architects; Computer and Information Research Scientists; Data Scientists; Data Warehousing Specialists; Database Administrators; Database Architects; Information Security Analysts; Information Technology Project Managers; Network and Computer Systems Administrators; Software Developers; Software Quality Assurance Analysts and Testers; Web Developers; Web and Digital Interface Designers
amazon_elastic_container_service_ecs,Amazon Elastic Container Service ECS,Application server software,false,false,O*NET Technology Skills 30.2,1,Blockchain Engineers
amazon_kinesis,Amazon Kinesis,Data base management system software,false,false,O*NET Technology Skills 30.2,8,Blockchain Engineers; Computer Programmers; Database Architects; Information Technology Project Managers; Software Developers; Software Quality Assurance Analysts and Testers; Web Developers; Web and Digital Interface Designers
amazon_redshift,Amazon Redshift,Data base user interface and query software,true,true,O*NET Technology Skills 30.2,18,Business Intelligence Analysts; Computer Network Architects; Computer Programmers; Computer Systems Analysts; Computer Systems Engineers/Architects; Computer User Support Specialists; Computer and Information Research Scientists; Data Scientists; Data Warehousing Specialists; Database Administrators; Database Architects; Information Security Analysts; Information Technology Project Managers; Network and Computer Systems Administrators; Software Developers; Software Quality Assurance Analysts and Testers; Web Developers; Web and Digital Interface Designers
amazon_simple_storage_service_s3,Amazon Simple Storage Service S3,Storage networking software,false,false,O*NET Technology Skills 30.2,16,Blockchain Engineers; Computer Network Architects; Computer Programmers; Computer Systems Analysts; Computer Systems Engineers/Architects; Data Scientists; Data Warehousing Specialists; Database Administrators; Database Architects; Digital Forensics Analysts; Information Security Analysts; Network and Computer Systems Administrators; Software Developers; Software Quality Assurance Analysts and Testers; Web Developers; Web and Digital Interface Designers
american_national_standards_institute_ansi_c,American National Standards Institute ANSI C,Development environment software,false,false,O*NET Technology Skills 30.2,3,Computer Programmers; Software Developers; Software Quality Assurance Analysts and Testers
ams_realtime_projects,AMS REALTIME Projects,Project management software,false,false,O*NET Technology Skills 30.2,1,Information Technology Project Managers
angular,Angular,Web platform development software,true,true,O*NET Technology Skills 30.2,14,Blockchain Engineers; Computer Network Architects; Computer Programmers; Computer Systems Analysts; Computer Systems Engineers/Architects; Computer User Support Specialists; Database Administrators; Database Architects; Information Security Analysts; Information Technology Project Managers; Software Developers; Software Quality Assurance Analysts and Testers; Web Developers; Web and Digital Interface Designers
ansible,Ansible,Expert system software,true,true,O*NET Technology Skills 30.2,19,Blockchain Engineers; Computer Network Architects; Computer Programmers; Computer Systems Analysts; Computer Systems Engineers/Architects; Computer User Support Specialists; Computer and Information Research Scientists; Database Administrators; Database Architects; Digital Forensics Analysts; Information Security Analysts; Information Security Engineers; Information Technology Project Managers; Network and Computer Systems Administrators; Penetration Testers; Software Developers; Software Quality Assurance Analysts and Testers; Web Developers; Web and Digital Interface Designers
anthillpro,AnthillPro,Development environment software,false,false,O*NET Technology Skills 30.2,1,Information Technology Project Managers
anti_phishing,Anti-phishing,Transaction security and virus protection software,false,false,O*NET Technology Skills 30.2,1,Information Security Analysts
anti_spyware,Anti-spyware,Transaction security and virus protection software,false,false,O*NET Technology Skills 30.2,3,Computer Network Support Specialists; Information Security Analysts; Software Quality Assurance Analysts and Testers
anti_trojan,Anti-Trojan,Transaction security and virus protection software,false,false,O*NET Technology Skills 30.2,1,Information Security Analysts
antivirus,Antivirus,Transaction security and virus protection software,false,false,O*NET Technology Skills 30.2,3,Computer Network Support Specialists; Software Quality Assurance Analysts and Testers; Telecommunications Engineering Specialists
aonix_software_through_pictures,Aonix Software Through Pictures,Development environment software,false,false,O*NET Technology Skills 30.2,1,Computer Systems Engineers/Architects
apache_ant,Apache Ant,Development environment software,false,false,O*NET Technology Skills 30.2,16,Business Intelligence Analysts; Computer Network Architects; Computer Programmers; Computer Systems Analysts; Computer Systems Engineers/Architects; Computer User Support Specialists; Database Administrators; Database Architects; Information Security Analysts; Information Technology Project Managers; Network and Computer Systems Administrators; Software Developers; Software Quality Assurance Analysts and Testers; Web Administrators; Web Developers; Web and Digital Interface Designers
apache_avro,Apache Avro,Information retrieval or search software,false,false,O*NET Technology Skills 30.2,4,Data Warehousing Specialists; Database Architects; Software Developers; Software Quality Assurance Analysts and Testers
apache_cassandra,Apache Cassandra,Data base management system software,true,false,O*NET Technology Skills 30.2,19,Business Intelligence Analysts; Computer Network Architects; Computer Programmers; Computer Systems Analysts; Computer Systems Engineers/Architects; Computer User Support Specialists; Computer and Information Research Scientists; Computer and Information Systems Managers; Data Scientists; Data Warehousing Specialists; Database Administrators; Database Architects; Information Security Analysts; Information Technology Project Managers; Network and Computer Systems Administrators; Software Developers; Software Quality Assurance Analysts and Testers; Web Developers; Web and Digital Interface Designers
apache_continuum,Apache Continuum,Development environment software,false,false,O*NET Technology Skills 30.2,1,Information Technology Project Managers
apache_flume,Apache Flume,Data base management system software,false,false,O*NET Technology Skills 30.2,5,Computer and Information Research Scientists; Data Warehousing Specialists; Database Architects; Software Developers; Software Quality Assurance Analysts and Testers
apache_groovy,Apache Groovy,Object or component oriented development software,false,false,O*NET Technology Skills 30.2,15,Business Intelligence Analysts; Computer Network Architects; Computer Programmers; Computer Systems Analysts; Computer Systems Engineers/Architects; Computer User Support Specialists; Database Administrators; Database Architects; Information Security Analysts; Information Technology Project Managers; Network and Computer Systems Administrators; Software Developers; Software Quality Assurance Analysts and Testers; Web Developers; Web and Digital Interface Designers
apache_gump,Apache Gump,Development environment software,false,false,O*NET Technology Skills 30.2,1,Information Technology Project Managers
apache_hbase,Apache HBase,Data base management system software,false,false,O*NET Technology Skills 30.2,4,Data Warehousing Specialists; Database Architects; Software Developers; Software Quality Assurance Analysts and Testers
apache_hive,Apache Hive,Data base management system software,true,false,O*NET Technology Skills 30.2,18,Business Intelligence Analysts; Computer Network Architects; Computer Programmers; Computer Systems Analysts; Computer Systems Engineers/Architects; Computer User Support Specialists; Computer and Information Research Scientists; Data Scientists; Data Warehousing Specialists; Database Administrators; Database Architects; Information Security Analysts; Information Technology Project Managers; Network and Computer Systems Administrators; Software Developers; Software Quality Assurance Analysts and Testers; Web Developers; Web and Digital Interface Designers
apache_http_server,Apache HTTP Server,Portal server software,false,false,O*NET Technology Skills 30.2,19,Business Intelligence Analysts; Computer Network Architects; Computer Programmers; Computer Systems Analysts; Computer Systems Engineers/Architects; Computer User Support Specialists; Computer and Information Research Scientists; Computer and Information Systems Managers; Data Warehousing Specialists; Database Administrators; Database Architects; Information Security Analysts; Information Technology Project Managers; Network and Computer Systems Administrators; Software Developers; Software Quality Assurance Analysts and Testers; Web Administrators; Web Developers; Web and Digital Interface Designers
apache_mahout,Apache Mahout,Expert system software,false,false,O*NET Technology Skills 30.2,2,Database Administrators; Database Architects
apache_maven,Apache Maven,Development environment software,true,false,O*NET Technology Skills 30.2,15,Computer Network Architects; Computer Programmers; Computer Systems Analysts; Computer Systems Engineers/Architects; Computer User Support Specialists; Computer and Information Systems Managers; Database Administrators; Database Architects; Information Security Analysts; Information Technology Project Managers; Network and Computer Systems Administrators; Software Developers; Software Quality Assurance Analysts and Testers; Web Developers; Web and Digital Interface Designers
apache_mxnet,Apache MXNet,Industrial control software,false,false,O*NET Technology Skills 30.2,1,Data Scientists
apache_oozie,Apache Oozie,Data base management system software,false,false,O*NET Technology Skills 30.2,4,Data Warehousing Specialists; Database Architects; Software Developers; Software Quality Assurance Analysts and Testers
apache_pig,Apache Pig,Data base management system software,false,false,O*NET Technology Skills 30.2,19,Business Intelligence Analysts; Computer Network Architects; Computer Programmers; Computer Systems Analysts; Computer Systems Engineers/Architects; Computer User Support Specialists; Computer and Information Research Scientists; Computer and Information Systems Managers; Data Scientists; Data Warehousing Specialists; Database Administrators; Database Architects; Information Security Analysts; Information Technology Project Managers; Network and Computer Systems Administrators; Software Developers; Software Quality Assurance Analysts and Testers; Web Developers; Web and Digital Interface Designers
apache_solr,Apache Solr,Data base management system software,false,false,O*NET Technology Skills 30.2,18,Business Intelligence Analysts; Computer Network Architects; Computer Programmers; Computer Systems Analysts; Computer Systems Engineers/Architects; Computer User Support Specialists; Computer and Information Research Scientists; Computer and Information Systems Managers; Data Warehousing Specialists; Database Administrators; Database Architects; Information Security Analysts; Information Technology Project Managers; Network and Computer Systems Administrators; Software Developers; Software Quality Assurance Analysts and Testers; Web Developers; Web and Digital Interface Designers
apache_sqoop,Apache Sqoop,Data base management system software,false,false,O*NET Technology Skills 30.2,4,Data Warehousing Specialists; Database Administrators; Database Architects; Software Quality Assurance Analysts and Testers
apache_struts,Apache Struts,Web platform development software,false,false,O*NET Technology Skills 30.2,16,Business Intelligence Analysts; Computer Network Architects; Computer Programmers; Computer Systems Analysts; Computer Systems Engineers/Architects; Computer User Support Specialists; Database Administrators; Database Architects; Information Security Analysts; Information Technology Project Managers; Network and Computer Systems Administrators; Software Developers; Software Quality Assurance Analysts and Testers; Web Administrators; Web Developers; Web and Digital Interface Designers
apache_subversion_svn,Apache Subversion SVN,File versioning software,true,false,O*NET Technology Skills 30.2,16,Computer Network Architects; Computer Programmers; Computer Systems Analysts; Computer Systems Engineers/Architects; Computer User Support Specialists; Computer and Information Research Scientists; Data Warehousing Specialists; Database Administrators; Database Architects; Information Security Analysts; Information Technology Project Managers; Network and Computer Systems Administrators; Software Developers; Software Quality Assurance Analysts and Testers; Web Developers; Web and Digital Interface Designers
apache_tomcat,Apache Tomcat,Web platform development software,true,false,O*NET Technology Skills 30.2,18,Business Intelligence Analysts; Computer Network Architects; Computer Network Support Specialists; Computer Programmers; Computer Systems Analysts; Computer Systems Engineers/Architects; Computer User Support Specialists; Computer and Information Systems Managers; Database Administrators; Database Architects; Information Security Analysts; Information Technology Project Managers; Network and Computer Systems Administrators; Software Developers; Software Quality Assurance Analysts and Testers; Web Administrators; Web Developers; Web and Digital Interface Designers
apatar,Apatar,Metadata management software,false,false,O*NET Technology Skills 30.2,2,Data Warehousing Specialists; Database Architects
appium,Appium,Program testing software,false,true,O*NET Technology Skills 30.2,1,Software Quality Assurance Analysts and Testers
apple_cocoa,Apple Cocoa,Object or component oriented development software,false,false,O*NET Technology Skills 30.2,3,Software Quality Assurance Analysts and Testers; Web Developers; Web and Digital Interface Designers
apple_final_cut_pro,Apple Final Cut Pro,Video creation and editing software,false,false,O*NET Technology Skills 30.2,5,Computer Systems Engineers/Architects; Computer User Support Specialists; Computer and Information Systems Managers; Information Technology Project Managers; Web Developers
apple_imovie,Apple iMovie,Video creation and editing software,false,false,O*NET Technology Skills 30.2,1,Computer and Information Systems Managers
apple_ios,Apple iOS,Operating system software,true,true,O*NET Technology Skills 30.2,6,Computer User Support Specialists; Digital Forensics Analysts; Information Security Engineers; Penetration Testers; Software Developers; Web and Digital Interface Designers
apple_iwork_keynote,Apple iWork Keynote,Presentation software,false,false,O*NET Technology Skills 30.2,1,Computer and Information Systems Managers
apple_iwork_numbers,Apple iWork Numbers,Spreadsheet software,false,false,O*NET Technology Skills 30.2,1,Computer and Information Systems Managers
apple_iwork_pages,Apple iWork Pages,Word processing software,false,false,O*NET Technology Skills 30.2,1,Computer and Information Systems Managers
apple_keynote,Apple Keynote,Presentation software,false,false,O*NET Technology Skills 30.2,2,Web Developers; Web and Digital Interface Designers
apple_macos,Apple macOS,Operating system software,true,true,O*NET Technology Skills 30.2,19,Computer Network Architects; Computer Network Support Specialists; Computer Systems Analysts; Computer Systems Engineers/Architects; Computer User Support Specialists; Computer and Information Systems Managers; Data Warehousing Specialists; Database Administrators; Database Architects; Digital Forensics Analysts; Information Security Analysts; Information Security Engineers; Information Technology Project Managers; Network and Computer Systems Administrators; Penetration Testers; Software Developers; Software Quality Assurance Analysts and Testers; Web Developers; Web and Digital Interface Designers
apple_safari,Apple Safari,Internet browser software,true,false,O*NET Technology Skills 30.2,2,Software Quality Assurance Analysts and Testers; Web Administrators
application_management,Application management,Configuration management software,false,false,O*NET Technology Skills 30.2,4,Computer Network Architects; Computer Network Support Specialists; Computer Systems Analysts; Network and Computer Systems Administrators
architecture_description_language_adl,Architecture description language ADL,Requirements analysis and system architecture software,false,false,O*NET Technology Skills 30.2,1,Computer Systems Analysts
arcsight_enterprise_threat_and_risk_management,ArcSight Enterprise Threat and Risk Management,Risk management data and analysis software,false,false,O*NET Technology Skills 30.2,2,Information Security Analysts; Information Security Engineers
arping,Arping,Network monitoring software,false,false,O*NET Technology Skills 30.2,1,Computer Network Support Specialists
aruba_networks_airwave,Aruba Networks AirWave,Administration software,false,false,O*NET Technology Skills 30.2,1,Computer Network Architects
ascensio_systems_teamlab,Ascensio Systems TeamLab,Project management software,false,false,O*NET Technology Skills 30.2,1,Information Technology Project Managers
asg_technologies_asg_zeke,ASG Technologies ASG-Zeke,Data base reporting software,false,false,O*NET Technology Skills 30.2,2,Database Administrators; Database Architects
asp,ASP,Web platform development software,true,false,O*NET Technology Skills 30.2,18,Business Intelligence Analysts; Computer Network Architects; Computer Programmers; Computer Systems Analysts; Computer Systems Engineers/Architects; Computer User Support Specialists; Computer and Information Systems Managers; Database Administrators; Database Architects; Information Security Analysts; Information Technology Project Managers; Network and Computer Systems Administrators; Penetration Testers; Software Developers; Software Quality Assurance Analysts and Testers; Web Administrators; Web Developers; Web and Digital Interface Designers
assembla,Assembla,Project management software,false,false,O*NET Technology Skills 30.2,1,Information Technology Project Managers
asset_management_administration,Asset management administration,Administration software,false,false,O*NET Technology Skills 30.2,1,Computer Network Architects
aster_data_ncluster,Aster Data nCluster,Clustering software,false,false,O*NET Technology Skills 30.2,1,Data Warehousing Specialists
atlassian_bamboo,Atlassian Bamboo,Enterprise application integration software,false,false,O*NET Technology Skills 30.2,14,Computer Network Architects; Computer Programmers; Computer Systems Analysts; Computer Systems Engineers/Architects; Computer User Support Specialists; Database Administrators; Database Architects; Information Security Analysts; Information Technology Project Managers; Network and Computer Systems Administrators; Software Developers; Software Quality Assurance Analysts and Testers; Web Developers; Web and Digital Interface Designers
atlassian_bitbucket,Atlassian Bitbucket,Application server software,true,false,O*NET Technology Skills 30.2,4,Computer Systems Engineers/Architects; Software Developers; Software Quality Assurance Analysts and Testers; Web Developers
atlassian_confluence,Atlassian Confluence,Project management software,true,true,O*NET Technology Skills 30.2,18,Blockchain Engineers; Business Intelligence Analysts; Computer Network Architects; Computer Programmers; Computer Systems Analysts; Computer Systems Engineers/Architects; Computer User Support Specialists; Data Scientists; Database Administrators; Database Architects; Information Security Analysts; Information Security Engineers; Information Technology Project Managers; Network and Computer Systems Administrators; Software Developers; Software Quality Assurance Analysts and Testers; Web Developers; Web and Digital Interface Designers
atlassian_hipchat,Atlassian HipChat,Instant messaging software,false,false,O*NET Technology Skills 30.2,1,Web Developers
attask,AtTask,Project management software,false,false,O*NET Technology Skills 30.2,1,Information Technology Project Managers
augmint,Augmint,Analytical or scientific software,false,false,O*NET Technology Skills 30.2,1,Computer and Information Research Scientists
autodesk_3ds_max,Autodesk 3ds Max,Video creation and editing software,false,false,O*NET Technology Skills 30.2,1,Video Game Designers
autodesk_autocad,Autodesk AutoCAD,Computer aided design CAD software,true,true,O*NET Technology Skills 30.2,6,Computer Network Architects; Computer Systems Engineers/Architects; Computer User Support Specialists; Information Technology Project Managers; Software Quality Assurance Analysts and Testers; Telecommunications Engineering Specialists
autodesk_maya,Autodesk Maya,Graphics or photo imaging software,false,true,O*NET Technology Skills 30.2,1,Video Game Designers
autodesk_navisworks,Autodesk Navisworks,Computer aided design CAD software,false,true,O*NET Technology Skills 30.2,1,Telecommunications Engineering Specialists
autodesk_revit,Autodesk Revit,Computer aided design CAD software,true,true,O*NET Technology Skills 30.2,7,Computer Network Architects; Computer Systems Engineers/Architects; Computer User Support Specialists; Database Administrators; Database Architects; Information Technology Project Managers; Telecommunications Engineering Specialists
autodesk_scaleform,Autodesk Scaleform,Development environment software,false,false,O*NET Technology Skills 30.2,1,Video Game Designers
automated_audit_trail_analysis,Automated audit trail analysis,Network monitoring software,false,false,O*NET Technology Skills 30.2,1,Information Security Analysts
automated_document_generation,Automated document generation,Development environment software,false,false,O*NET Technology Skills 30.2,1,Computer and Information Research Scientists
automated_installation,Automated installation,Configuration management software,false,false,O*NET Technology Skills 30.2,8,Computer Network Architects; Computer Network Support Specialists; Computer Systems Analysts; Computer User Support Specialists; Information Security Analysts; Network and Computer Systems Administrators; Software Developers; Software Quality Assurance Analysts and Testers
automated_media_tracking,Automated media tracking,Network monitoring software,false,false,O*NET Technology Skills 30.2,1,Information Security Analysts
automation_centre_trackersuite_net,Automation Centre TrackerSuite.Net,Project management software,false,false,O*NET Technology Skills 30.2,1,Information Technology Project Managers
avaya_identity_engines,Avaya Identity Engines,Access software,false,false,O*NET Technology Skills 30.2,1,Telecommunications Engineering Specialists
awk,AWK,Development environment software,false,false,O*NET Technology Skills 30.2,3,Computer Programmers; Software Developers; Software Quality Assurance Analysts and Testers
aws,AWS,Data base user interface and query software,true,true,O*NET Technology Skills 30.2,24,Blockchain Engineers; Business Intelligence Analysts; Computer Network Architects; Computer Programmers; Computer Systems Analysts; Computer Systems Engineers/Architects; Computer User Support Specialists; Computer and Information Research Scientists; Computer and Information Systems Managers; Data Scientists; Data Warehousing Specialists; Database Administrators; Database Architects; Digital Forensics Analysts; Information Security Analysts; Information Security Engineers; Information Technology Project Managers; Network and Computer Systems Administrators; Penetration Testers; Software Developers; Software Quality Assurance Analysts and Testers; Web Administrators; Web Developers; Web and Digital Interface Designers
aws_cloudformation,AWS CloudFormation,Cloud-based management software,true,true,O*NET Technology Skills 30.2,15,Blockchain Engineers; Computer Network Architects; Computer Programmers; Computer Systems Analysts; Computer Systems Engineers/Architects; Computer and Information Research Scientists; Database Administrators; Database Architects; Information Security Analysts; Information Security Engineers; Network and Computer Systems Administrators; Software Developers; Software Quality Assurance Analysts and Testers; Web Developers; Web and Digital Interface Designers
aws_sagemaker,AWS SageMaker,Cloud-based management software,false,true,O*NET Technology Skills 30.2,2,Computer and Information Research Scientists; Data Scientists
axure_rp,Axure RP,Web page creation and editing software,false,false,O*NET Technology Skills 30.2,1,Web and Digital Interface Designers
azure_data_factory,Azure Data Factory,Cloud-based management software,false,true,O*NET Technology Skills 30.2,1,Database Administrators
azure_devops,Azure DevOps,Development environment software,false,true,O*NET Technology Skills 30.2,3,Penetration Testers; Software Developers; Software Quality Assurance Analysts and Testers
b_method,B-Method,Development environment software,false,false,O*NET Technology Skills 30.2,3,Computer Programmers; Software Developers; Software Quality Assurance Analysts and Testers
backbone_js,Backbone.js,Web platform development software,false,false,O*NET Technology Skills 30.2,11,Computer Programmers; Computer Systems Analysts; Computer Systems Engineers/Architects; Computer and Information Systems Managers; Database Administrators; Database Architects; Information Technology Project Managers; Software Developers; Software Quality Assurance Analysts and Testers; Web Developers; Web and Digital Interface Designers
backup_and_archival,Backup and archival,Backup or archival software,false,false,O*NET Technology Skills 30.2,3,Information Security Analysts; Software Developers; Software Quality Assurance Analysts and Testers
balsamiq_studios_balsamiq_mockups,Balsamiq Studios Balsamiq Mockups,Graphics or photo imaging software,false,false,O*NET Technology Skills 30.2,1,Video Game Designers
bandw_port_scanner,B&W Port Scanner,Network monitoring software,false,false,O*NET Technology Skills 30.2,1,Computer Network Support Specialists
basecamp,Basecamp,Project management software,false,false,O*NET Technology Skills 30.2,2,Computer Systems Engineers/Architects; Information Technology Project Managers
bash,Bash,Operating system software,true,true,O*NET Technology Skills 30.2,22,Business Intelligence Analysts; Computer Network Architects; Computer Network Support Specialists; Computer Programmers; Computer Systems Analysts; Computer Systems Engineers/Architects; Computer User Support Specialists; Computer and Information Research Scientists; Data Scientists; Data Warehousing Specialists; Database Administrators; Database Architects; Digital Forensics Analysts; Information Security Analysts; Information Security Engineers; Information Technology Project Managers; Network and Computer Systems Administrators; Penetration Testers; Software Developers; Software Quality Assurance Analysts and Testers; Web Developers; Web and Digital Interface Designers
basis_bbx_visualpro_5,Basis BBx VisualPRO/5,Graphical user interface development software,false,false,O*NET Technology Skills 30.2,1,Computer Programmers
bea_tuxedo,BEA Tuxedo,Transaction server software,false,false,O*NET Technology Skills 30.2,1,Computer Systems Engineers/Architects
beginner_s_all_purpose_symbolic_instruction_code_basic,Beginner's all-purpose symbolic instruction code BASIC,Development environment software,false,false,O*NET Technology Skills 30.2,3,Computer Programmers; Software Developers; Software Quality Assurance Analysts and Testers
bentley_microstation,Bentley MicroStation,Computer aided design CAD software,true,false,O*NET Technology Skills 30.2,4,Computer Programmers; Computer Systems Engineers/Architects; Computer User Support Specialists; Software Quality Assurance Analysts and Testers
bentley_systems_projectwise,Bentley Systems ProjectWise,Project management software,false,false,O*NET Technology Skills 30.2,1,Computer Network Support Specialists
berkeley_internet_domain_name_bind,Berkeley Internet Domain Name BIND,Internet directory services software,false,false,O*NET Technology Skills 30.2,3,Information Security Analysts; Network and Computer Systems Administrators; Web Administrators
bidirectional_encoder_representations_from_transformers_bert,Bidirectional encoder representations from transformers (BERT),Analytical or scientific software,false,false,O*NET Technology Skills 30.2,1,Computer and Information Research Scientists
bigloo_scheme,Bigloo Scheme,Development environment software,false,false,O*NET Technology Skills 30.2,3,Computer Programmers; Software Developers; Software Quality Assurance Analysts and Testers
bigquery,BigQuery,Data base user interface and query software,false,false,O*NET Technology Skills 30.2,1,Data Scientists
billing,Billing,Billing and invoicing software,false,false,O*NET Technology Skills 30.2,1,Computer and Information Systems Managers
bitwizard_b_v_mtr,BitWizard B.V. mtr,Network monitoring software,false,false,O*NET Technology Skills 30.2,1,Computer Network Support Specialists
blackbaud_the_raiser_s_edge,Blackbaud The Raiser's Edge,Customer relationship management CRM software,false,false,O*NET Technology Skills 30.2,10,Business Intelligence Analysts; Computer Systems Analysts; Computer and Information Systems Managers; Data Warehousing Specialists; Database Administrators; Database Architects; Information Technology Project Managers; Network and Computer Systems Administrators; Software Developers; Software Quality Assurance Analysts and Testers
blackberry_enterprise_server,BlackBerry Enterprise Server,Operating system software,false,false,O*NET Technology Skills 30.2,1,Computer Network Support Specialists
blackboard,Blackboard,Data base user interface and query software,false,false,O*NET Technology Skills 30.2,13,Computer Systems Analysts; Computer User Support Specialists; Computer and Information Systems Managers; Database Administrators; Database Architects; Information Security Analysts; Information Technology Project Managers; Network and Computer Systems Administrators; Software Developers; Software Quality Assurance Analysts and Testers; Video Game Designers; Web Developers; Web and Digital Interface Designers
blink,Blink,Instant messaging software,false,false,O*NET Technology Skills 30.2,9,Computer Network Architects; Computer Systems Analysts; Computer Systems Engineers/Architects; Computer User Support Specialists; Information Security Analysts; Software Developers; Software Quality Assurance Analysts and Testers; Web Developers; Web and Digital Interface Designers
bmc_software_change_manager,BMC Software Change Manager,Data base management system software,false,false,O*NET Technology Skills 30.2,2,Database Administrators; Database Architects
bmc_software_control_m,BMC Software Control-M,Enterprise application integration software,false,false,O*NET Technology Skills 30.2,3,Computer Network Support Specialists; Database Administrators; Database Architects
bmc_software_recovery_manager_rman,BMC Software Recovery Manager RMAN,Backup or archival software,false,false,O*NET Technology Skills 30.2,2,Database Administrators; Database Architects
bmc_software_remedy_it_service_management_suite,BMC Software Remedy IT Service Management Suite,Helpdesk or call center software,false,false,O*NET Technology Skills 30.2,1,Computer Network Support Specialists
bootstrap,Bootstrap,Web platform development software,true,false,O*NET Technology Skills 30.2,3,Software Developers; Web Developers; Web and Digital Interface Designers
border_gateway_protocol_bgp,Border Gateway Protocol BGP,Switch or router software,true,true,O*NET Technology Skills 30.2,8,Computer Network Architects; Computer Network Support Specialists; Computer Systems Engineers/Architects; Digital Forensics Analysts; Information Security Analysts; Information Security Engineers; Network and Computer Systems Administrators; Software Developers
borland_paradox,Borland Paradox,Object or component oriented development software,false,false,O*NET Technology Skills 30.2,1,Computer and Information Systems Managers
borland_silktest,Borland SilkTest,Program testing software,false,false,O*NET Technology Skills 30.2,1,Software Quality Assurance Analysts and Testers
borland_visibroker,Borland VisiBroker,Development environment software,false,false,O*NET Technology Skills 30.2,1,Computer Systems Engineers/Architects
bourne_shell,Bourne Shell,Operating system software,false,false,O*NET Technology Skills 30.2,1,Computer Programmers
brightwork_pmpoint,BrightWork pmPoint,Project management software,false,false,O*NET Technology Skills 30.2,1,Information Technology Project Managers
broadsoft_broadworks,BroadSoft BroadWorks,Desktop communications software,false,false,O*NET Technology Skills 30.2,1,Computer Network Architects
broadvision,BroadVision,Web platform development software,false,false,O*NET Technology Skills 30.2,1,Computer Systems Engineers/Architects
bugzilla,Bugzilla,Program testing software,false,false,O*NET Technology Skills 30.2,1,Software Quality Assurance Analysts and Testers
business_intelligence,Business intelligence,Business intelligence and data analysis software,false,false,O*NET Technology Skills 30.2,1,Data Scientists
business_intelligence_system,Business intelligence system,Business intelligence and data analysis software,false,false,O*NET Technology Skills 30.2,1,Computer Systems Analysts
business_objects_data_integrator,Business Objects Data Integrator,Development environment software,false,false,O*NET Technology Skills 30.2,1,Business Intelligence Analysts
business_software,Business software,Office suite software,false,false,O*NET Technology Skills 30.2,1,Computer and Information Research Scientists
c,C,Development environment software,true,true,O*NET Technology Skills 30.2,24,Blockchain Engineers; Business Intelligence Analysts; Computer Network Architects; Computer Programmers; Computer Systems Analysts; Computer Systems Engineers/Architects; Computer User Support Specialists; Computer and Information Research Scientists; Computer and Information Systems Managers; Data Scientists; Data Warehousing Specialists; Database Administrators; Database Architects; Digital Forensics Analysts; Information Security Analysts; Information Security Engineers; Information Technology Project Managers; Network and Computer Systems Administrators; Penetration Testers; Software Developers; Software Quality Assurance Analysts and Testers; Video Game Designers; Web Developers; Web and Digital Interface Designers
c_for_graphics_cg,C for Graphics cg,Development environment software,false,false,O*NET Technology Skills 30.2,1,Video Game Designers
c_shell,C shell,Operating system software,false,false,O*NET Technology Skills 30.2,1,Database Architects
ca_easytrieve_report_generator,CA Easytrieve Report Generator,Manufacturing execution system MES software,false,false,O*NET Technology Skills 30.2,2,Database Administrators; Database Architects
ca_etrust,CA eTrust,Transaction security and virus protection software,false,false,O*NET Technology Skills 30.2,1,Computer Network Architects
ca_idms,CA IDMS,Data base management system software,false,false,O*NET Technology Skills 30.2,2,Database Administrators; Database Architects
ca_siteminder,CA SiteMinder,Network security or virtual private network VPN management software,false,false,O*NET Technology Skills 30.2,1,Web Administrators
ca_technologies_ca_clarity_ppm_for_it_governance,CA Technologies CA Clarity PPM for IT Governance,Project management software,false,false,O*NET Technology Skills 30.2,1,Information Technology Project Managers
ca_technologies_erwin_data_modeler,CA Technologies ERWin Data Modeler,Metadata management software,false,false,O*NET Technology Skills 30.2,1,Database Architects
call_accounting,Call accounting,Helpdesk or call center software,false,false,O*NET Technology Skills 30.2,1,Telecommunications Engineering Specialists
call_center,Call center,Helpdesk or call center software,false,false,O*NET Technology Skills 30.2,1,Computer User Support Specialists
call_processing_language_cpl,Call-processing language CPL,Development environment software,false,false,O*NET Technology Skills 30.2,3,Computer Programmers; Software Developers; Software Quality Assurance Analysts and Testers
canonical_launchpad,Canonical Launchpad,Data base user interface and query software,false,false,O*NET Technology Skills 30.2,1,Information Technology Project Managers
canu,Canu,Development environment software,false,false,O*NET Technology Skills 30.2,4,Computer Programmers; Computer and Information Systems Managers; Software Developers; Software Quality Assurance Analysts and Testers
capacity_planning,Capacity planning,Requirements analysis and system architecture software,false,false,O*NET Technology Skills 30.2,1,Computer Network Architects
cast_sql_builder,CAST SQL Builder,Data base management system software,false,false,O*NET Technology Skills 30.2,1,Computer Programmers
catalog_navigation,Catalog navigation,Data base management system software,false,false,O*NET Technology Skills 30.2,2,Database Administrators; Database Architects
central_desktop,Central Desktop,Project management software,false,false,O*NET Technology Skills 30.2,1,Information Technology Project Managers
charmplusplus,Charm++,Object or component oriented development software,false,false,O*NET Technology Skills 30.2,1,Computer and Information Research Scientists
chatbot,Chatbot,Industrial control software,false,false,O*NET Technology Skills 30.2,2,Computer and Information Research Scientists; Web and Digital Interface Designers
check_point_next_generation_secure_web_gateway,Check Point Next Generation Secure Web Gateway,Transaction security and virus protection software,false,false,O*NET Technology Skills 30.2,1,Information Security Analysts
chef,Chef,Configuration management software,true,false,O*NET Technology Skills 30.2,16,Computer Network Architects; Computer Programmers; Computer Systems Analysts; Computer Systems Engineers/Architects; Computer User Support Specialists; Computer and Information Research Scientists; Database Administrators; Database Architects; Information Security Analysts; Information Security Engineers; Information Technology Project Managers; Network and Computer Systems Administrators; Software Developers; Software Quality Assurance Analysts and Testers; Web Developers; Web and Digital Interface Designers
cisco_ios,Cisco IOS,Operating system software,false,false,O*NET Technology Skills 30.2,7,Computer Network Architects; Computer Systems Engineers/Architects; Computer User Support Specialists; Database Architects; Information Technology Project Managers; Software Developers; Software Quality Assurance Analysts and Testers
cisco_systems_cisco_netflow_collection_engine,Cisco Systems Cisco NetFlow Collection Engine,Network monitoring software,false,false,O*NET Technology Skills 30.2,2,Computer Network Support Specialists; Digital Forensics Analysts
cisco_systems_cisco_traffic_analyzer,Cisco Systems Cisco Traffic Analyzer,Network monitoring software,false,false,O*NET Technology Skills 30.2,2,Computer Network Support Specialists; Telecommunications Engineering Specialists
cisco_systems_cisco_web_cache_communication_protocol_wccp,Cisco Systems Cisco Web Cache Communication Protocol WCCP,Switch or router software,false,false,O*NET Technology Skills 30.2,1,Computer Network Architects
cisco_systems_ciscoworks,Cisco Systems CiscoWorks,Administration software,false,false,O*NET Technology Skills 30.2,5,Computer Network Architects; Computer Network Support Specialists; Computer Systems Analysts; Information Security Analysts; Network and Computer Systems Administrators
cisco_systems_ciscoworks_lan_management_solution,Cisco Systems CiscoWorks LAN Management Solution,Administration software,false,false,O*NET Technology Skills 30.2,2,Computer Network Architects; Computer Network Support Specialists
cisco_systems_gateway_load_balancing_protocol_glbp,Cisco Systems Gateway Load Balancing Protocol GLBP,Switch or router software,false,false,O*NET Technology Skills 30.2,1,Computer Network Architects
cisco_systems_hot_standby_router_protocol_hsrp,Cisco Systems Hot Standby Router Protocol HSRP,Switch or router software,false,false,O*NET Technology Skills 30.2,1,Computer Network Architects
cisco_systems_wan_manager,Cisco Systems WAN Manager,Software defined networking/ virtualization software,false,false,O*NET Technology Skills 30.2,1,Computer and Information Systems Managers
cisco_systems_wireless_control_system_wcs,Cisco Systems Wireless Control System WCS,Administration software,false,false,O*NET Technology Skills 30.2,1,Computer Network Architects
cisco_webex,Cisco Webex,Video conferencing software,true,false,O*NET Technology Skills 30.2,12,Computer Network Architects; Computer Systems Analysts; Computer Systems Engineers/Architects; Computer User Support Specialists; Database Administrators; Database Architects; Information Technology Project Managers; Network and Computer Systems Administrators; Software Developers; Software Quality Assurance Analysts and Testers; Web Developers; Web and Digital Interface Designers
citrix_cloud_computing,Citrix cloud computing,Access software,false,false,O*NET Technology Skills 30.2,16,Business Intelligence Analysts; Computer Network Architects; Computer Network Support Specialists; Computer Programmers; Computer Systems Analysts; Computer Systems Engineers/Architects; Computer User Support Specialists; Computer and Information Systems Managers; Database Administrators; Database Architects; Information Security Analysts; Information Technology Project Managers; Network and Computer Systems Administrators; Software Developers; Software Quality Assurance Analysts and Testers; Web Administrators
citrix_xenapp,Citrix XenApp,Application server software,false,false,O*NET Technology Skills 30.2,2,Computer Network Architects; Network and Computer Systems Administrators
clarified_networks_clarified_analyzer,Clarified Networks Clarified Analyzer,Network monitoring software,false,false,O*NET Technology Skills 30.2,1,Computer Network Support Specialists
clarity_systems_ibm_clarity,Clarity Systems IBM Clarity,Enterprise resource planning ERP software,false,false,O*NET Technology Skills 30.2,2,Computer Systems Engineers/Architects; Information Technology Project Managers
clarizen,Clarizen,Project management software,false,false,O*NET Technology Skills 30.2,1,Information Technology Project Managers
clipper,Clipper,Development environment software,false,false,O*NET Technology Skills 30.2,1,Computer Programmers
cloudera_impala,Cloudera Impala,Data base user interface and query software,false,false,O*NET Technology Skills 30.2,2,Data Warehousing Specialists; Database Architects
cloveretl,CloverETL,Development environment software,false,false,O*NET Technology Skills 30.2,2,Data Warehousing Specialists; Database Architects
cluster_server,Cluster server,Clustering software,false,false,O*NET Technology Skills 30.2,2,Database Administrators; Database Architects
clustermatic,Clustermatic,Clustering software,false,false,O*NET Technology Skills 30.2,1,Computer and Information Research Scientists
cmake,CMake,Development environment software,false,false,O*NET Technology Skills 30.2,1,Computer and Information Research Scientists
code_generator,Code generator,Compiler and decompiler software,false,false,O*NET Technology Skills 30.2,1,Computer Programmers
code_hosting,Code hosting,Application server software,false,false,O*NET Technology Skills 30.2,1,Information Technology Project Managers
code_munger,Code munger,Development environment software,false,false,O*NET Technology Skills 30.2,1,Computer Programmers
codefutures_dbshards,CodeFutures dbShards,Data base management system software,false,false,O*NET Technology Skills 30.2,1,Data Warehousing Specialists
coffeecup_the_html_editor,CoffeeCup The HTML Editor,Web page creation and editing software,false,false,O*NET Technology Skills 30.2,1,Computer Programmers
coglin_mill_rodin,Coglin Mill RODIN,Metadata management software,false,false,O*NET Technology Skills 30.2,2,Data Warehousing Specialists; Database Architects
colasoft_capsa_enterprise,Colasoft Capsa Enterprise,Network monitoring software,false,false,O*NET Technology Skills 30.2,1,Computer Network Support Specialists
colasoft_capsa_free,Colasoft Capsa Free,Network monitoring software,false,false,O*NET Technology Skills 30.2,1,Computer Network Support Specialists
collaborative_application_lifecycle_management_alm,Collaborative application lifecycle management ALM,Enterprise resource planning ERP software,false,false,O*NET Technology Skills 30.2,1,Information Technology Project Managers
collaborative_application_markup_language_caml,Collaborative Application Markup Language CAML,Object or component oriented development software,false,false,O*NET Technology Skills 30.2,3,Computer Programmers; Software Developers; Software Quality Assurance Analysts and Testers
collaborative_editing,Collaborative editing,Word processing software,false,false,O*NET Technology Skills 30.2,1,Information Security Engineers
command_interpreters,Command interpreters,Compiler and decompiler software,false,false,O*NET Technology Skills 30.2,2,Computer Programmers; Network and Computer Systems Administrators
common_business_oriented_language_cobol,Common business oriented language COBOL,Development environment software,false,false,O*NET Technology Skills 30.2,17,Business Intelligence Analysts; Computer Network Architects; Computer Programmers; Computer Systems Analysts; Computer Systems Engineers/Architects; Computer User Support Specialists; Computer and Information Systems Managers; Data Warehousing Specialists; Database Administrators; Database Architects; Information Security Analysts; Information Technology Project Managers; Network and Computer Systems Administrators; Software Developers; Software Quality Assurance Analysts and Testers; Web Developers; Web and Digital Interface Designers
common_gateway_interface_cgi,Common gateway interface CGI,Enterprise application integration software,false,false,O*NET Technology Skills 30.2,3,Web Administrators; Web Developers; Web and Digital Interface Designers
common_lisp_object_system_clos,Common Lisp Object System CLOS,Object or component oriented development software,false,false,O*NET Technology Skills 30.2,3,Computer Programmers; Software Developers; Software Quality Assurance Analysts and Testers
compaq_insight_manager,Compaq Insight Manager,Network monitoring software,false,false,O*NET Technology Skills 30.2,1,Computer Network Architects
compatibility_testing,Compatibility testing,Program testing software,false,false,O*NET Technology Skills 30.2,1,Computer Systems Analysts
compilers,Compilers,Compiler and decompiler software,false,false,O*NET Technology Skills 30.2,1,Computer Programmers
component_based_scalable_logical_architecture_csla,Component-based Scalable Logical Architecture CSLA,Object or component oriented development software,false,false,O*NET Technology Skills 30.2,2,Software Developers; Software Quality Assurance Analysts and Testers
component_object_model_com,Component object model COM,Object or component oriented development software,false,false,O*NET Technology Skills 30.2,3,Computer Systems Analysts; Software Developers; Software Quality Assurance Analysts and Testers
computational_statistics,Computational statistics,Analytical or scientific software,false,false,O*NET Technology Skills 30.2,1,Computer and Information Research Scientists
computer_aided_design_and_drafting_cadd,Computer aided design and drafting CADD,Computer aided design CAD software,false,false,O*NET Technology Skills 30.2,5,Computer Programmers; Computer Systems Analysts; Computer Systems Engineers/Architects; Computer and Information Research Scientists; Network and Computer Systems Administrators
computer_associates_arcserv_backup,Computer Associates ArcServ Backup,Backup or archival software,false,false,O*NET Technology Skills 30.2,1,Computer Network Architects
computer_associates_integrated_data_management_system_ca_idms,Computer Associates integrated data management system CA-IDMS,Data base management system software,false,false,O*NET Technology Skills 30.2,3,Computer Programmers; Software Developers; Software Quality Assurance Analysts and Testers
computer_associates_log_analyzer,Computer Associates Log Analyzer,Program testing software,false,false,O*NET Technology Skills 30.2,2,Database Administrators; Database Architects
computer_forensic,Computer forensic,Filesystem software,false,false,O*NET Technology Skills 30.2,2,Digital Forensics Analysts; Information Security Analysts
computer_intrusion_detection,Computer intrusion detection,Network security or virtual private network VPN management software,false,false,O*NET Technology Skills 30.2,1,Computer Network Architects
computer_on_line_real_time_applications_language_coral_66,Computer On-line Real-time Applications Language CORAL 66,Development environment software,false,false,O*NET Technology Skills 30.2,3,Computer Programmers; Software Developers; Software Quality Assurance Analysts and Testers
computer_system_diagnostics,Computer system diagnostics,Program testing software,false,false,O*NET Technology Skills 30.2,1,Network and Computer Systems Administrators
compuware_clientvantage_agentless_monitoring,Compuware ClientVantage Agentless Monitoring,Network monitoring software,false,false,O*NET Technology Skills 30.2,1,Computer Network Support Specialists
concurrency_control,Concurrency control,Data base management system software,false,false,O*NET Technology Skills 30.2,2,Database Administrators; Database Architects
conformance_and_validation_testing,Conformance and validation testing,Program testing software,false,false,O*NET Technology Skills 30.2,1,Information Security Analysts
congruity_technologies_inspector,Congruity Technologies Inspector,Network monitoring software,false,false,O*NET Technology Skills 30.2,1,Computer Network Support Specialists
connectivity,Connectivity,Platform interconnectivity software,false,false,O*NET Technology Skills 30.2,1,Computer Network Support Specialists
content_filter,Content filter,Network security and virtual private network VPN equipment software,false,false,O*NET Technology Skills 30.2,1,Computer Network Architects
content_management_cms,Content management (CMS),Web page creation and editing software,false,true,O*NET Technology Skills 30.2,1,Web Administrators
continuous_integration,Continuous integration,File versioning software,false,false,O*NET Technology Skills 30.2,1,Information Technology Project Managers
corel_coreldraw_graphics_suite,Corel CorelDraw Graphics Suite,Graphics or photo imaging software,false,false,O*NET Technology Skills 30.2,2,Computer Programmers; Web Administrators
corel_wordperfect_office_suite,Corel WordPerfect Office Suite,Office suite software,false,false,O*NET Technology Skills 30.2,1,Computer and Information Systems Managers
cost_estimating,Cost estimating,Financial analysis software,false,false,O*NET Technology Skills 30.2,1,Computer Systems Analysts
couchbase_server,Couchbase Server,Data base management system software,false,false,O*NET Technology Skills 30.2,2,Database Administrators; Database Architects
countersoft_gemini,Countersoft Gemini,Project management software,false,false,O*NET Technology Skills 30.2,1,Information Technology Project Managers
cplusplus,C++,Object or component oriented development software,true,true,O*NET Technology Skills 30.2,24,Blockchain Engineers; Business Intelligence Analysts; Computer Network Architects; Computer Programmers; Computer Systems Analysts; Computer Systems Engineers/Architects; Computer User Support Specialists; Computer and Information Research Scientists; Computer and Information Systems Managers; Data Scientists; Data Warehousing Specialists; Database Administrators; Database Architects; Digital Forensics Analysts; Information Security Analysts; Information Security Engineers; Information Technology Project Managers; Network and Computer Systems Administrators; Penetration Testers; Software Developers; Software Quality Assurance Analysts and Testers; Video Game Designers; Web Developers; Web and Digital Interface Designers
crosstec_netop_remote_control,CrossTec NetOp Remote Control,Desktop communications software,false,false,O*NET Technology Skills 30.2,2,Computer Systems Analysts; Computer User Support Specialists
cruisecontrol,CruiseControl,Development environment software,false,false,O*NET Technology Skills 30.2,2,Information Technology Project Managers; Software Quality Assurance Analysts and Testers
cryptographic_key_management,Cryptographic key management,Network security and virtual private network VPN equipment software,false,false,O*NET Technology Skills 30.2,1,Information Security Analysts
cs_odessa_conceptdraw_project,CS Odessa ConceptDraw Project,Project management software,false,false,O*NET Technology Skills 30.2,1,Information Technology Project Managers
csharp,C#,Object or component oriented development software,true,true,O*NET Technology Skills 30.2,24,Blockchain Engineers; Business Intelligence Analysts; Computer Network Architects; Computer Programmers; Computer Systems Analysts; Computer Systems Engineers/Architects; Computer User Support Specialists; Computer and Information Research Scientists; Computer and Information Systems Managers; Data Scientists; Data Warehousing Specialists; Database Administrators; Database Architects; Digital Forensics Analysts; Information Security Analysts; Information Security Engineers; Information Technology Project Managers; Network and Computer Systems Administrators; Penetration Testers; Software Developers; Software Quality Assurance Analysts and Testers; Video Game Designers; Web Developers; Web and Digital Interface Designers
css,CSS,Web platform development software,true,true,O*NET Technology Skills 30.2,13,Computer Network Architects; Computer Programmers; Computer Systems Analysts; Computer Systems Engineers/Architects; Computer User Support Specialists; Database Administrators; Database Architects; Information Technology Project Managers; Software Developers; Software Quality Assurance Analysts and Testers; Web Administrators; Web Developers; Web and Digital Interface Designers
customer_information_control_system_cics,Customer information control system CICS,Transaction server software,false,false,O*NET Technology Skills 30.2,19,Business Intelligence Analysts; Computer Network Architects; Computer Network Support Specialists; Computer Programmers; Computer Systems Analysts; Computer Systems Engineers/Architects; Computer User Support Specialists; Computer and Information Systems Managers; Data Warehousing Specialists; Database Administrators; Database Architects; Information Security Analysts; Information Technology Project Managers; Network and Computer Systems Administrators; Software Developers; Software Quality Assurance Analysts and Testers; Web Administrators; Web Developers; Web and Digital Interface Designers
daptiv_ppm,Daptiv PPM,Data base user interface and query software,false,false,O*NET Technology Skills 30.2,1,Information Technology Project Managers
dartware_intermapper,Dartware InterMapper,Network monitoring software,false,false,O*NET Technology Skills 30.2,4,Computer Network Support Specialists; Computer User Support Specialists; Computer and Information Systems Managers; Network and Computer Systems Administrators
dassault_systemes_catia,Dassault Systemes CATIA,Computer aided design CAD software,false,false,O*NET Technology Skills 30.2,9,Computer Network Architects; Computer Programmers; Computer Systems Analysts; Computer Systems Engineers/Architects; Computer User Support Specialists; Database Administrators; Information Technology Project Managers; Network and Computer Systems Administrators; Software Quality Assurance Analysts and Testers
dassault_systemes_solidworks,Dassault Systemes SolidWorks,Computer aided design CAD software,true,false,O*NET Technology Skills 30.2,3,Computer Network Architects; Computer Systems Engineers/Architects; Computer User Support Specialists
data_analysis,Data analysis,Analytical or scientific software,false,false,O*NET Technology Skills 30.2,2,Software Developers; Software Quality Assurance Analysts and Testers
data_definition_language_ddl,Data definition language DDL,Data base management system software,false,false,O*NET Technology Skills 30.2,5,Computer Programmers; Database Administrators; Database Architects; Software Developers; Software Quality Assurance Analysts and Testers
data_dictionary,Data dictionary,Metadata management software,false,false,O*NET Technology Skills 30.2,2,Database Administrators; Database Architects
data_entry,Data entry,Data base user interface and query software,false,false,O*NET Technology Skills 30.2,1,Computer User Support Specialists
data_manipulation_language_dml,Data manipulation language DML,Data base management system software,false,false,O*NET Technology Skills 30.2,5,Computer Programmers; Database Administrators; Database Architects; Software Developers; Software Quality Assurance Analysts and Testers
data_mapping,Data mapping,Metadata management software,false,false,O*NET Technology Skills 30.2,2,Database Administrators; Database Architects
data_modeling,Data modeling,Metadata management software,false,false,O*NET Technology Skills 30.2,3,Business Intelligence Analysts; Database Administrators; Database Architects
data_recovery_software_sql_server_data_recovery,Data Recovery Software SQL Server Data Recovery,Backup or archival software,false,false,O*NET Technology Skills 30.2,1,Database Architects
data_transformation_services_dts,Data transformation services DTS,Data base management system software,false,false,O*NET Technology Skills 30.2,2,Database Administrators; Database Architects
data_validation,Data validation,Information retrieval or search software,false,false,O*NET Technology Skills 30.2,2,Database Administrators; Database Architects
data_visualization,Data visualization,Analytical or scientific software,false,false,O*NET Technology Skills 30.2,1,Computer and Information Research Scientists
data_warehouse,Data warehouse,Data mining software,false,false,O*NET Technology Skills 30.2,1,Business Intelligence Analysts
database,Database,Data base user interface and query software,false,false,O*NET Technology Skills 30.2,5,Business Intelligence Analysts; Computer Systems Analysts; Computer User Support Specialists; Database Administrators; Network and Computer Systems Administrators
database_capacity_planning,Database capacity planning,Requirements analysis and system architecture software,false,false,O*NET Technology Skills 30.2,2,Database Administrators; Database Architects
database_cloning,Database cloning,Backup or archival software,false,false,O*NET Technology Skills 30.2,2,Database Administrators; Database Architects
database_design,Database design,Data base management system software,false,false,O*NET Technology Skills 30.2,2,Database Administrators; Database Architects
database_management,Database management,Data base management system software,false,false,O*NET Technology Skills 30.2,3,Computer Network Support Specialists; Database Architects; Penetration Testers
database_security,Database security,Network security or virtual private network VPN management software,false,false,O*NET Technology Skills 30.2,2,Database Administrators; Database Architects
database_testing,Database testing,Program testing software,false,false,O*NET Technology Skills 30.2,2,Database Administrators; Database Architects
datavision,DataVision,Data base reporting software,false,false,O*NET Technology Skills 30.2,2,Software Developers; Software Quality Assurance Analysts and Testers
dbase_plus,dBASE Plus,Data base user interface and query software,false,false,O*NET Technology Skills 30.2,1,Computer Programmers
dbtools_software_dbmanager_professional,DBTools Software DBManager Professional,Data base management system software,false,false,O*NET Technology Skills 30.2,1,Computer Systems Engineers/Architects
debugging,Debugging,Program testing software,false,false,O*NET Technology Skills 30.2,1,Computer Programmers
debugview,Debugview,Program testing software,false,false,O*NET Technology Skills 30.2,1,Software Quality Assurance Analysts and Testers
decompilers,Decompilers,Compiler and decompiler software,false,false,O*NET Technology Skills 30.2,1,Computer Programmers
defect_tracking,Defect tracking,Program testing software,false,false,O*NET Technology Skills 30.2,4,Computer Systems Analysts; Computer User Support Specialists; Software Developers; Software Quality Assurance Analysts and Testers
delphi_technology,Delphi Technology,Financial analysis software,false,false,O*NET Technology Skills 30.2,13,Business Intelligence Analysts; Computer Programmers; Computer Systems Analysts; Computer Systems Engineers/Architects; Computer User Support Specialists; Database Administrators; Information Security Analysts; Information Technology Project Managers; Network and Computer Systems Administrators; Software Developers; Software Quality Assurance Analysts and Testers; Web Developers; Web and Digital Interface Designers
deployment,Deployment,Configuration management software,false,false,O*NET Technology Skills 30.2,5,Computer User Support Specialists; Database Administrators; Database Architects; Software Developers; Software Quality Assurance Analysts and Testers
desktop_partitioning,Desktop partitioning,Filesystem software,false,false,O*NET Technology Skills 30.2,1,Computer User Support Specialists
diagramming,Diagramming,Pattern design software,false,false,O*NET Technology Skills 30.2,3,Computer Network Architects; Computer Systems Analysts; Network and Computer Systems Administrators
diameter,Diameter,Authentication server software,false,false,O*NET Technology Skills 30.2,1,Information Security Analysts
dig,Dig,Network monitoring software,false,false,O*NET Technology Skills 30.2,1,Computer Network Support Specialists
digital_crew_teamwork_project_manager,Digital Crew Teamwork Project Manager,Project management software,false,false,O*NET Technology Skills 30.2,1,Information Technology Project Managers
disarea_5pm,Disarea 5pm,Project management software,false,false,O*NET Technology Skills 30.2,1,Information Technology Project Managers
disaster_recovery,Disaster recovery,Backup or archival software,false,false,O*NET Technology Skills 30.2,1,Computer User Support Specialists
discrete_event_simulation,Discrete event simulation,Analytical or scientific software,false,false,O*NET Technology Skills 30.2,1,Computer Network Architects
disk_operating_system_dos,Disk operating system DOS,Operating system software,false,false,O*NET Technology Skills 30.2,2,Software Developers; Software Quality Assurance Analysts and Testers
distributed_component_object_model_dcom,Distributed component object model DCOM,Object or component oriented development software,false,false,O*NET Technology Skills 30.2,3,Computer Systems Analysts; Software Developers; Software Quality Assurance Analysts and Testers
distributed_database_management,Distributed database management,Data base management system software,false,false,O*NET Technology Skills 30.2,2,Software Developers; Software Quality Assurance Analysts and Testers
django,Django,Web platform development software,true,false,O*NET Technology Skills 30.2,16,Business Intelligence Analysts; Computer Network Architects; Computer Programmers; Computer Systems Analysts; Computer Systems Engineers/Architects; Computer User Support Specialists; Computer and Information Research Scientists; Database Administrators; Database Architects; Information Security Analysts; Information Technology Project Managers; Network and Computer Systems Administrators; Software Developers; Software Quality Assurance Analysts and Testers; Web Developers; Web and Digital Interface Designers
docker,Docker,Application server software,true,true,O*NET Technology Skills 30.2,19,Blockchain Engineers; Computer Network Architects; Computer Programmers; Computer Systems Analysts; Computer Systems Engineers/Architects; Computer User Support Specialists; Computer and Information Research Scientists; Data Scientists; Database Administrators; Database Architects; Information Security Analysts; Information Security Engineers; Information Technology Project Managers; Network and Computer Systems Administrators; Penetration Testers; Software Developers; Software Quality Assurance Analysts and Testers; Web Developers; Web and Digital Interface Designers
document_management_system,Document management system,Document management software,false,false,O*NET Technology Skills 30.2,3,Information Technology Project Managers; Software Developers; Software Quality Assurance Analysts and Testers
document_object_model_dom_scripting,Document Object Model DOM Scripting,Object or component oriented development software,false,false,O*NET Technology Skills 30.2,2,Software Developers; Software Quality Assurance Analysts and Testers
domain_name_system_dns,Domain name system DNS,Internet directory services software,false,false,O*NET Technology Skills 30.2,4,Computer Network Architects; Computer User Support Specialists; Information Security Analysts; Network and Computer Systems Administrators
dos_shell_script,DOS shell script,Operating system software,false,false,O*NET Technology Skills 30.2,2,Database Administrators; Database Architects
dotproject,dotProject,Project management software,false,false,O*NET Technology Skills 30.2,1,Information Technology Project Managers
doxygen,Doxygen,Development environment software,false,false,O*NET Technology Skills 30.2,1,Computer and Information Research Scientists
dropbox,Dropbox,Cloud-based data access and sharing software,false,false,O*NET Technology Skills 30.2,6,Computer Systems Engineers/Architects; Computer User Support Specialists; Software Developers; Software Quality Assurance Analysts and Testers; Web Developers; Web and Digital Interface Designers
drupal,Drupal,Web platform development software,false,true,O*NET Technology Skills 30.2,17,Business Intelligence Analysts; Computer Network Architects; Computer Programmers; Computer Systems Analysts; Computer Systems Engineers/Architects; Computer User Support Specialists; Computer and Information Systems Managers; Database Administrators; Database Architects; Information Security Analysts; Information Technology Project Managers; Network and Computer Systems Administrators; Software Developers; Software Quality Assurance Analysts and Testers; Web Administrators; Web Developers; Web and Digital Interface Designers
dynamic_analysis,Dynamic analysis,Program testing software,false,false,O*NET Technology Skills 30.2,3,Computer Systems Analysts; Software Developers; Software Quality Assurance Analysts and Testers
dynamic_host_configuration_protocol_dhcp,Dynamic host configuration protocol DHCP,Administration software,false,false,O*NET Technology Skills 30.2,1,Network and Computer Systems Administrators
dynamic_hypertext_markup_language_dhtml,Dynamic hypertext markup language DHTML,Web platform development software,false,false,O*NET Technology Skills 30.2,16,Business Intelligence Analysts; Computer Network Architects; Computer Programmers; Computer Systems Analysts; Computer Systems Engineers/Architects; Computer User Support Specialists; Computer and Information Systems Managers; Database Administrators; Database Architects; Information Technology Project Managers; Network and Computer Systems Administrators; Software Developers; Software Quality Assurance Analysts and Testers; Web Administrators; Web Developers; Web and Digital Interface Designers
dynamic_modeling,Dynamic modeling,Analytical or scientific software,false,false,O*NET Technology Skills 30.2,2,Software Developers; Software Quality Assurance Analysts and Testers
dynatrace,Dynatrace,Network monitoring software,false,false,O*NET Technology Skills 30.2,1,Computer Network Architects
easycis,easyCIS,Development environment software,false,false,O*NET Technology Skills 30.2,1,Information Technology Project Managers
eclipse_ide,Eclipse IDE,Development environment software,true,false,O*NET Technology Skills 30.2,18,Business Intelligence Analysts; Computer Network Architects; Computer Programmers; Computer Systems Analysts; Computer Systems Engineers/Architects; Computer User Support Specialists; Computer and Information Research Scientists; Computer and Information Systems Managers; Data Warehousing Specialists; Database Administrators; Database Architects; Information Security Analysts; Information Technology Project Managers; Network and Computer Systems Administrators; Software Developers; Software Quality Assurance Analysts and Testers; Web Developers; Web and Digital Interface Designers
eclipse_jersey,Eclipse Jersey,Web platform development software,false,false,O*NET Technology Skills 30.2,1,Software Developers
edgewell_trac,Edgewell Trac,Data base user interface and query software,false,false,O*NET Technology Skills 30.2,1,Information Technology Project Managers
edulastic,Edulastic,Computer based training software,false,false,O*NET Technology Skills 30.2,1,Information Technology Project Managers
eiffel,Eiffel,Object or component oriented development software,false,false,O*NET Technology Skills 30.2,5,Computer Programmers; Computer Systems Analysts; Computer and Information Research Scientists; Software Developers; Software Quality Assurance Analysts and Testers
ej_technologies_jprofiler,ej-technologies JProfiler,Program testing software,false,false,O*NET Technology Skills 30.2,1,Software Quality Assurance Analysts and Testers
eko,Eko,Desktop communications software,false,false,O*NET Technology Skills 30.2,2,Business Intelligence Analysts; Computer Systems Engineers/Architects
elasticsearch,Elasticsearch,Data base management system software,true,false,O*NET Technology Skills 30.2,18,Business Intelligence Analysts; Computer Network Architects; Computer Programmers; Computer Systems Analysts; Computer Systems Engineers/Architects; Computer User Support Specialists; Computer and Information Research Scientists; Data Scientists; Database Administrators; Database Architects; Information Security Analysts; Information Security Engineers; Information Technology Project Managers; Network and Computer Systems Administrators; Software Developers; Software Quality Assurance Analysts and Testers; Web Developers; Web and Digital Interface Designers
electriccloud_electriccommander,ElectricCloud ElectricCommander,Development environment software,false,false,O*NET Technology Skills 30.2,1,Information Technology Project Managers
electronic_design_automation_eda,Electronic design automation EDA,Computer aided design CAD software,false,false,O*NET Technology Skills 30.2,1,Computer Systems Analysts
element_management,Element management,Administration software,false,false,O*NET Technology Skills 30.2,4,Computer Network Architects; Computer Systems Analysts; Computer User Support Specialists; Network and Computer Systems Administrators
element_software_copper,Element Software Copper,Project management software,false,false,O*NET Technology Skills 30.2,1,Information Technology Project Managers
ellucian_banner_erp,Ellucian Banner ERP,Enterprise resource planning ERP software,false,false,O*NET Technology Skills 30.2,2,Database Administrators; Database Architects
email,Email,Electronic mail software,false,false,O*NET Technology Skills 30.2,1,Web Administrators
email_management,Email management,Communications server software,false,false,O*NET Technology Skills 30.2,1,Computer Network Architects
emass,eMASS,Risk management data and analysis software,false,true,O*NET Technology Skills 30.2,1,Information Security Analysts
embarcadero_delphi,Embarcadero Delphi,Object or component oriented development software,false,false,O*NET Technology Skills 30.2,5,Computer Programmers; Computer and Information Systems Managers; Software Developers; Software Quality Assurance Analysts and Testers; Web Administrators
embarcadero_er_studio_xe,Embarcadero ER/Studio XE,Metadata management software,false,false,O*NET Technology Skills 30.2,1,Data Warehousing Specialists
embarcadero_jbuilder,Embarcadero JBuilder,Development environment software,false,false,O*NET Technology Skills 30.2,4,Computer Systems Analysts; Computer and Information Research Scientists; Software Developers; Software Quality Assurance Analysts and Testers
embarcadero_technologies_dbartisan,Embarcadero Technologies DBArtisan,Data base management system software,false,false,O*NET Technology Skills 30.2,2,Database Administrators; Database Architects
embedded_systems_development,Embedded systems development,Development environment software,false,false,O*NET Technology Skills 30.2,2,Software Developers; Software Quality Assurance Analysts and Testers
emc_ionix_network_configuration_manager,EMC Ionix Network Configuration Manager,Configuration management software,false,false,O*NET Technology Skills 30.2,1,Computer Network Support Specialists
emc_networker,EMC NetWorker,Backup or archival software,false,false,O*NET Technology Skills 30.2,3,Computer Network Support Specialists; Database Administrators; Database Architects
emc_smarts_network_protocol_manager,EMC Smarts Network Protocol Manager,Network operating system enhancement software,false,false,O*NET Technology Skills 30.2,1,Computer Network Architects
emc_symmetrix_dmx,EMC Symmetrix DMX,Storage networking software,false,false,O*NET Technology Skills 30.2,1,Computer Network Support Specialists
emerald_software_group_emerald_green_office,Emerald Software Group Emerald Green Office,Content workflow software,false,false,O*NET Technology Skills 30.2,3,Computer Programmers; Software Developers; Software Quality Assurance Analysts and Testers
encryption,Encryption,Transaction security and virus protection software,false,false,O*NET Technology Skills 30.2,8,Computer Network Architects; Computer Network Support Specialists; Computer User Support Specialists; Database Administrators; Database Architects; Network and Computer Systems Administrators; Software Developers; Software Quality Assurance Analysts and Testers
end_to_end_encryption,End-to-end encryption,Transaction security and virus protection software,false,false,O*NET Technology Skills 30.2,1,Information Security Analysts
endeavour_agile_alm,Endeavour Agile ALM,Project management software,false,false,O*NET Technology Skills 30.2,1,Information Technology Project Managers
enhanced_interior_gateway_routing_protocol_eigrp,Enhanced Interior Gateway Routing Protocol EIGRP,Switch or router software,false,false,O*NET Technology Skills 30.2,1,Computer Network Architects
enterprise_integration_eai,Enterprise integration (EAI),Enterprise application integration software,false,true,O*NET Technology Skills 30.2,7,Blockchain Engineers; Computer and Information Systems Managers; Digital Forensics Analysts; Information Security Engineers; Network and Computer Systems Administrators; Software Developers; Software Quality Assurance Analysts and Testers
enterprise_javabeans,Enterprise JavaBeans,Web platform development software,false,false,O*NET Technology Skills 30.2,17,Business Intelligence Analysts; Computer Network Architects; Computer Programmers; Computer Systems Analysts; Computer Systems Engineers/Architects; Computer User Support Specialists; Computer and Information Systems Managers; Database Administrators; Database Architects; Information Security Analysts; Information Technology Project Managers; Network and Computer Systems Administrators; Software Developers; Software Quality Assurance Analysts and Testers; Web Administrators; Web Developers; Web and Digital Interface Designers
epic,Epic,Medical software,true,false,O*NET Technology Skills 30.2,12,Business Intelligence Analysts; Computer Programmers; Computer Systems Analysts; Computer Systems Engineers/Architects; Computer User Support Specialists; Database Administrators; Database Architects; Information Security Analysts; Information Technology Project Managers; Network and Computer Systems Administrators; Software Quality Assurance Analysts and Testers; Web Developers
eplusplus_pattern_language,E++ pattern language,Object or component oriented development software,false,false,O*NET Technology Skills 30.2,3,Computer Programmers; Software Developers; Software Quality Assurance Analysts and Testers
esri_arcgis,ESRI ArcGIS,Geographic information system,true,false,O*NET Technology Skills 30.2,16,Business Intelligence Analysts; Computer Network Architects; Computer Programmers; Computer Systems Analysts; Computer Systems Engineers/Architects; Computer User Support Specialists; Computer and Information Research Scientists; Data Warehousing Specialists; Database Administrators; Database Architects; Information Security Analysts; Information Technology Project Managers; Network and Computer Systems Administrators; Software Developers; Software Quality Assurance Analysts and Testers; Web Developers
ethereal,Ethereal,Network monitoring software,false,false,O*NET Technology Skills 30.2,4,Computer Network Architects; Computer Network Support Specialists; Information Security Analysts; Network and Computer Systems Administrators
ettercap_ng,Ettercap NG,Network monitoring software,false,false,O*NET Technology Skills 30.2,1,Computer Network Support Specialists
event_driven_state_machines_programming,Event-driven State-machines Programming,Development environment software,false,false,O*NET Technology Skills 30.2,3,Computer Programmers; Software Developers; Software Quality Assurance Analysts and Testers
event_log_monitor,Event log monitor,Operating system software,false,false,O*NET Technology Skills 30.2,1,Computer User Support Specialists
evernote,Evernote,Word processing software,false,false,O*NET Technology Skills 30.2,4,Software Developers; Software Quality Assurance Analysts and Testers; Web Developers; Web and Digital Interface Designers
experience_in_software_project_kickstart,Experience in Software Project KickStart,Project management software,false,false,O*NET Technology Skills 30.2,1,Information Technology Project Managers
ext_js,Ext JS,Web platform development software,false,false,O*NET Technology Skills 30.2,13,Business Intelligence Analysts; Computer Network Architects; Computer Programmers; Computer Systems Analysts; Computer Systems Engineers/Architects; Computer User Support Specialists; Database Administrators; Database Architects; Information Technology Project Managers; Software Developers; Software Quality Assurance Analysts and Testers; Web Developers; Web and Digital Interface Designers
extensible_hypertext_markup_language_xhtml,Extensible hypertext markup language XHTML,Web platform development software,false,false,O*NET Technology Skills 30.2,17,Business Intelligence Analysts; Computer Network Architects; Computer Programmers; Computer Systems Analysts; Computer Systems Engineers/Architects; Computer User Support Specialists; Computer and Information Systems Managers; Database Administrators; Database Architects; Information Security Analysts; Information Technology Project Managers; Network and Computer Systems Administrators; Software Developers; Software Quality Assurance Analysts and Testers; Web Administrators; Web Developers; Web and Digital Interface Designers
extensible_stylesheet_language_transformations_xslt,Extensible stylesheet language transformations XSLT,Web platform development software,false,false,O*NET Technology Skills 30.2,5,Computer and Information Research Scientists; Software Developers; Software Quality Assurance Analysts and Testers; Web Developers; Web and Digital Interface Designers
extensible_stylesheet_language_xsl,Extensible stylesheet language XSL,Enterprise application integration software,false,false,O*NET Technology Skills 30.2,4,Computer Programmers; Web Administrators; Web Developers; Web and Digital Interface Designers
facebook,Facebook,Web page creation and editing software,true,false,O*NET Technology Skills 30.2,4,Business Intelligence Analysts; Computer User Support Specialists; Information Technology Project Managers; Web Developers
facetime,FaceTime,Video conferencing software,false,false,O*NET Technology Skills 30.2,2,Software Developers; Software Quality Assurance Analysts and Testers
fault_testing,Fault testing,Program testing software,false,false,O*NET Technology Skills 30.2,2,Software Developers; Software Quality Assurance Analysts and Testers
feng_office_collaboration_platform,Feng Office Collaboration Platform,Data base user interface and query software,false,false,O*NET Technology Skills 30.2,1,Information Technology Project Managers
figma,Figma,Graphical user interface development software,true,true,O*NET Technology Skills 30.2,3,Software Developers; Web Developers; Web and Digital Interface Designers
file_server,File server,Filesystem software,false,false,O*NET Technology Skills 30.2,3,Computer Network Support Specialists; Software Developers; Software Quality Assurance Analysts and Testers
file_transfer_protocol_ftp,File transfer protocol FTP,Filesystem software,false,false,O*NET Technology Skills 30.2,1,Computer and Information Systems Managers
filemaker_pro,FileMaker Pro,Data base user interface and query software,false,false,O*NET Technology Skills 30.2,14,Business Intelligence Analysts; Computer Programmers; Computer Systems Analysts; Computer Systems Engineers/Architects; Computer User Support Specialists; Computer and Information Systems Managers; Database Administrators; Database Architects; Information Technology Project Managers; Network and Computer Systems Administrators; Software Developers; Software Quality Assurance Analysts and Testers; Web Developers; Web and Digital Interface Designers
filemon,FileMon,Program testing software,false,false,O*NET Technology Skills 30.2,1,Software Quality Assurance Analysts and Testers
finalbuilder,FinalBuilder,Development environment software,false,false,O*NET Technology Skills 30.2,1,Information Technology Project Managers
firewalls,Firewalls,Network security and virtual private network VPN equipment software,false,true,O*NET Technology Skills 30.2,14,Computer Network Architects; Computer Network Support Specialists; Computer Systems Engineers/Architects; Computer User Support Specialists; Computer and Information Systems Managers; Digital Forensics Analysts; Information Security Analysts; Information Security Engineers; Network and Computer Systems Administrators; Penetration Testers; Software Developers; Software Quality Assurance Analysts and Testers; Telecommunications Engineering Specialists; Web Administrators
fitnesse,FitNesse,Program testing software,false,false,O*NET Technology Skills 30.2,1,Software Quality Assurance Analysts and Testers
flask,Flask,Development environment software,false,false,O*NET Technology Skills 30.2,1,Data Scientists
flat_file_checker,Flat File Checker,Metadata management software,false,false,O*NET Technology Skills 30.2,2,Data Warehousing Specialists; Database Architects
flexbox,FlexBox,Web platform development software,false,false,O*NET Technology Skills 30.2,2,Web Developers; Web and Digital Interface Designers
flipgrid,Flipgrid,Video creation and editing software,false,false,O*NET Technology Skills 30.2,5,Computer User Support Specialists; Software Developers; Software Quality Assurance Analysts and Testers; Web Developers; Web and Digital Interface Designers
flow_chart,Flow chart,Process mapping and design software,false,false,O*NET Technology Skills 30.2,1,Computer Systems Analysts
fluke_networks_enterprise_lanmeter,Fluke Networks Enterprise LANMeter,Network monitoring software,false,false,O*NET Technology Skills 30.2,1,Computer Network Support Specialists
fog_creek_software_fogbugz,Fog Creek Software FogBugz,Development environment software,false,false,O*NET Technology Skills 30.2,1,Information Technology Project Managers
formula_translation_translator_fortran,Formula translation/translator FORTRAN,Development environment software,false,false,O*NET Technology Skills 30.2,6,Computer Programmers; Computer Systems Analysts; Computer Systems Engineers/Architects; Computer and Information Research Scientists; Software Developers; Software Quality Assurance Analysts and Testers
forth,Forth,Development environment software,false,false,O*NET Technology Skills 30.2,3,Computer Programmers; Software Developers; Software Quality Assurance Analysts and Testers
forum_one_communications_projectspaces,Forum One Communications ProjectSpaces,Project management software,false,false,O*NET Technology Skills 30.2,1,Information Technology Project Managers
functional_testing,Functional testing,Program testing software,false,false,O*NET Technology Skills 30.2,3,Computer Systems Analysts; Software Developers; Software Quality Assurance Analysts and Testers
fund_accounting,Fund accounting,Accounting software,false,false,O*NET Technology Skills 30.2,4,Business Intelligence Analysts; Computer Systems Analysts; Computer User Support Specialists; Database Administrators
gambit_scheme,Gambit Scheme,Development environment software,false,false,O*NET Technology Skills 30.2,3,Computer Programmers; Software Developers; Software Quality Assurance Analysts and Testers
ganttproject,GanttProject,Project management software,false,false,O*NET Technology Skills 30.2,1,Information Technology Project Managers
geographic_information_system_gis,Geographic information system GIS,Geographic information system,false,false,O*NET Technology Skills 30.2,16,Business Intelligence Analysts; Computer Programmers; Computer Systems Analysts; Computer Systems Engineers/Architects; Computer User Support Specialists; Computer and Information Research Scientists; Data Scientists; Database Administrators; Database Architects; Digital Forensics Analysts; Information Security Analysts; Information Security Engineers; Information Technology Project Managers; Network and Computer Systems Administrators; Software Quality Assurance Analysts and Testers; Web Developers
ghidra,Ghidra,Computer aided design CAD software,false,false,O*NET Technology Skills 30.2,1,Penetration Testers
git,Git,File versioning software,true,true,O*NET Technology Skills 30.2,20,Blockchain Engineers; Business Intelligence Analysts; Computer Network Architects; Computer Programmers; Computer Systems Analysts; Computer Systems Engineers/Architects; Computer User Support Specialists; Computer and Information Research Scientists; Data Scientists; Database Administrators; Database Architects; Information Security Analysts; Information Security Engineers; Information Technology Project Managers; Network and Computer Systems Administrators; Software Developers; Software Quality Assurance Analysts and Testers; Video Game Designers; Web Developers; Web and Digital Interface Designers
github,GitHub,Application server software,true,true,O*NET Technology Skills 30.2,20,Blockchain Engineers; Business Intelligence Analysts; Computer Network Architects; Computer Programmers; Computer Systems Analysts; Computer Systems Engineers/Architects; Computer User Support Specialists; Computer and Information Research Scientists; Data Scientists; Database Administrators; Database Architects; Information Security Analysts; Information Security Engineers; Information Technology Project Managers; Network and Computer Systems Administrators; Penetration Testers; Software Developers; Software Quality Assurance Analysts and Testers; Web Developers; Web and Digital Interface Designers
gitlab,GitLab,Application server software,true,false,O*NET Technology Skills 30.2,4,Computer Systems Engineers/Architects; Computer and Information Research Scientists; Software Developers; Software Quality Assurance Analysts and Testers
glasscubes,Glasscubes,Cloud-based data access and sharing software,false,false,O*NET Technology Skills 30.2,1,Information Technology Project Managers
gnu_image_manipulation_program_gimp,GNU Image Manipulation Program GIMP,Graphics or photo imaging software,false,false,O*NET Technology Skills 30.2,2,Software Developers; Software Quality Assurance Analysts and Testers
go,Go,Development environment software,true,true,O*NET Technology Skills 30.2,20,Blockchain Engineers; Business Intelligence Analysts; Computer Network Architects; Computer Programmers; Computer Systems Analysts; Computer Systems Engineers/Architects; Computer and Information Research Scientists; Data Scientists; Database Administrators; Database Architects; Digital Forensics Analysts; Information Security Analysts; Information Security Engineers; Information Technology Project Managers; Network and Computer Systems Administrators; Penetration Testers; Software Developers; Software Quality Assurance Analysts and Testers; Web Developers; Web and Digital Interface Designers
google_ads,Google Ads,Sales and marketing software,false,false,O*NET Technology Skills 30.2,7,Business Intelligence Analysts; Computer Systems Engineers/Architects; Computer and Information Research Scientists; Information Technology Project Managers; Web Administrators; Web Developers; Web and Digital Interface Designers
google_analytics,Google Analytics,Data mining software,true,true,O*NET Technology Skills 30.2,14,Business Intelligence Analysts; Computer Programmers; Computer Systems Analysts; Computer Systems Engineers/Architects; Computer and Information Research Scientists; Computer and Information Systems Managers; Database Administrators; Database Architects; Information Technology Project Managers; Software Developers; Software Quality Assurance Analysts and Testers; Web Administrators; Web Developers; Web and Digital Interface Designers
google_android,Google Android,Operating system software,true,false,O*NET Technology Skills 30.2,7,Computer Network Architects; Computer User Support Specialists; Penetration Testers; Software Developers; Software Quality Assurance Analysts and Testers; Web Developers; Web and Digital Interface Designers
google_classroom,Google Classroom,Project management software,false,false,O*NET Technology Skills 30.2,1,Computer User Support Specialists
google_cloud,Google Cloud,Cloud-based management software,false,false,O*NET Technology Skills 30.2,6,Computer Systems Engineers/Architects; Data Scientists; Information Security Engineers; Penetration Testers; Software Developers; Web Developers
google_docs,Google Docs,Word processing software,true,false,O*NET Technology Skills 30.2,9,Business Intelligence Analysts; Computer Systems Analysts; Computer User Support Specialists; Database Architects; Information Technology Project Managers; Software Developers; Software Quality Assurance Analysts and Testers; Web Developers; Web and Digital Interface Designers
google_drive,Google Drive,Cloud-based data access and sharing software,false,false,O*NET Technology Skills 30.2,7,Computer User Support Specialists; Database Architects; Information Technology Project Managers; Software Developers; Software Quality Assurance Analysts and Testers; Web Developers; Web and Digital Interface Designers
google_gmail,Google Gmail,Electronic mail software,false,false,O*NET Technology Skills 30.2,2,Software Developers; Software Quality Assurance Analysts and Testers
google_looker_analytics,Google Looker Analytics,Business intelligence and data analysis software,true,false,O*NET Technology Skills 30.2,3,Business Intelligence Analysts; Data Scientists; Software Developers
google_meet,Google Meet,Video conferencing software,false,false,O*NET Technology Skills 30.2,8,Computer User Support Specialists; Database Administrators; Database Architects; Information Technology Project Managers; Software Developers; Software Quality Assurance Analysts and Testers; Web Developers; Web and Digital Interface Designers
google_sheets,Google Sheets,Spreadsheet software,true,false,O*NET Technology Skills 30.2,2,Software Developers; Software Quality Assurance Analysts and Testers
google_sites,Google Sites,Web page creation and editing software,false,false,O*NET Technology Skills 30.2,9,Business Intelligence Analysts; Computer User Support Specialists; Database Architects; Information Security Analysts; Network and Computer Systems Administrators; Software Developers; Software Quality Assurance Analysts and Testers; Web Developers; Web and Digital Interface Designers
google_slides,Google Slides,Presentation software,false,false,O*NET Technology Skills 30.2,5,Business Intelligence Analysts; Software Developers; Software Quality Assurance Analysts and Testers; Web Developers; Web and Digital Interface Designers
google_workspace,Google Workspace,Office suite software,true,false,O*NET Technology Skills 30.2,1,Digital Forensics Analysts
gradle,Gradle,Object or component oriented development software,false,false,O*NET Technology Skills 30.2,1,Software Developers
grafana_labs_grafana_cloud,Grafana Labs Grafana Cloud,Graphical user interface development software,true,true,O*NET Technology Skills 30.2,4,Blockchain Engineers; Computer Systems Engineers/Architects; Computer and Information Research Scientists; Software Developers
grails,Grails,Web platform development software,false,false,O*NET Technology Skills 30.2,1,Computer Systems Engineers/Architects
graphical_user_interface_gui_builder,Graphical user interface GUI builder,Graphical user interface development software,false,false,O*NET Technology Skills 30.2,2,Software Developers; Software Quality Assurance Analysts and Testers
graphical_user_interface_gui_design,Graphical user interface GUI design,Graphical user interface development software,false,false,O*NET Technology Skills 30.2,5,Computer Programmers; Digital Forensics Analysts; Software Developers; Software Quality Assurance Analysts and Testers; Video Game Designers
graphics_pipelines,Graphics pipelines,Graphics or photo imaging software,false,false,O*NET Technology Skills 30.2,1,Computer and Information Research Scientists
graphql,GraphQL,Data base user interface and query software,true,true,O*NET Technology Skills 30.2,3,Computer Systems Engineers/Architects; Software Developers; Web Developers
greatis_object_inspector,Greatis Object Inspector,Object or component oriented development software,false,false,O*NET Technology Skills 30.2,1,Computer Programmers
greenhills_ada_compilers,Greenhills Ada compilers,Compiler and decompiler software,false,false,O*NET Technology Skills 30.2,1,Computer and Information Research Scientists
greenplum_database,Greenplum Database,Data base management system software,false,false,O*NET Technology Skills 30.2,3,Data Warehousing Specialists; Database Administrators; Database Architects
groupme,GroupMe,Instant messaging software,false,false,O*NET Technology Skills 30.2,2,Software Developers; Software Quality Assurance Analysts and Testers
guidance_software_encase_enterprise,Guidance Software EnCase Enterprise,Analytical or scientific software,false,false,O*NET Technology Skills 30.2,1,Digital Forensics Analysts
guidance_software_encase_forensic,Guidance Software EnCase Forensic,Network monitoring software,false,false,O*NET Technology Skills 30.2,1,Information Security Analysts
hadoop,Hadoop,Data base management system software,true,true,O*NET Technology Skills 30.2,19,Business Intelligence Analysts; Computer Network Architects; Computer Programmers; Computer Systems Analysts; Computer Systems Engineers/Architects; Computer User Support Specialists; Computer and Information Research Scientists; Computer and Information Systems Managers; Data Scientists; Data Warehousing Specialists; Database Administrators; Database Architects; Information Security Analysts; Information Technology Project Managers; Network and Computer Systems Administrators; Software Developers; Software Quality Assurance Analysts and Testers; Web Developers; Web and Digital Interface Designers
hashicorp_vagrant,HashiCorp Vagrant,Web platform development software,false,false,O*NET Technology Skills 30.2,2,Web Developers; Web and Digital Interface Designers
haskell,Haskell,Development environment software,false,false,O*NET Technology Skills 30.2,3,Computer Programmers; Software Developers; Software Quality Assurance Analysts and Testers
healthcare_common_procedure_coding_system_hcpcs,Healthcare common procedure coding system HCPCS,Medical software,false,false,O*NET Technology Skills 30.2,3,Business Intelligence Analysts; Computer Systems Analysts; Information Technology Project Managers
help_desk,Help desk,Helpdesk or call center software,false,false,O*NET Technology Skills 30.2,6,Computer Network Architects; Computer Network Support Specialists; Computer Systems Analysts; Computer User Support Specialists; Computer and Information Systems Managers; Network and Computer Systems Administrators
hewlett_packard_hp_network_node_manager,Hewlett-Packard HP Network Node Manager,Administration software,false,false,O*NET Technology Skills 30.2,2,Computer Network Support Specialists; Network and Computer Systems Administrators
hewlett_packard_hp_project_portfolio_management_solution,Hewlett Packard HP Project Portfolio Management Solution,Data base user interface and query software,false,false,O*NET Technology Skills 30.2,1,Information Technology Project Managers
hewlett_packard_hp_quicktest_professional,Hewlett-Packard HP QuickTest Professional,Program testing software,false,false,O*NET Technology Skills 30.2,1,Software Quality Assurance Analysts and Testers
hewlett_packard_hp_testdirector_for_quality_center,Hewlett-Packard HP TestDirector for Quality Center,Program testing software,false,false,O*NET Technology Skills 30.2,1,Software Quality Assurance Analysts and Testers
hewlett_packard_hp_ux,Hewlett Packard HP-UX,Operating system software,false,false,O*NET Technology Skills 30.2,19,Business Intelligence Analysts; Computer Network Architects; Computer Network Support Specialists; Computer Programmers; Computer Systems Analysts; Computer Systems Engineers/Architects; Computer User Support Specialists; Computer and Information Systems Managers; Data Warehousing Specialists; Database Administrators; Database Architects; Information Security Analysts; Information Technology Project Managers; Network and Computer Systems Administrators; Software Developers; Software Quality Assurance Analysts and Testers; Web Administrators; Web Developers; Web and Digital Interface Designers
hewlett_packard_hp_winrunner,Hewlett-Packard HP WinRunner,Program testing software,false,false,O*NET Technology Skills 30.2,1,Software Quality Assurance Analysts and Testers
hewlett_packard_loadrunner,Hewlett Packard LoadRunner,Program testing software,false,false,O*NET Technology Skills 30.2,14,Business Intelligence Analysts; Computer Network Architects; Computer Programmers; Computer Systems Analysts; Computer Systems Engineers/Architects; Computer User Support Specialists; Database Administrators; Database Architects; Information Technology Project Managers; Network and Computer Systems Administrators; Software Developers; Software Quality Assurance Analysts and Testers; Web Developers; Web and Digital Interface Designers
hex_rays_ida_pro,Hex-Rays IDA Pro,Compiler and decompiler software,false,false,O*NET Technology Skills 30.2,1,Penetration Testers
hibernate_orm,Hibernate ORM,Object oriented data base management software,true,false,O*NET Technology Skills 30.2,14,Business Intelligence Analysts; Computer Network Architects; Computer Programmers; Computer Systems Analysts; Computer Systems Engineers/Architects; Computer User Support Specialists; Database Administrators; Database Architects; Information Technology Project Managers; Network and Computer Systems Administrators; Software Developers; Software Quality Assurance Analysts and Testers; Web Developers; Web and Digital Interface Designers
hierarchical_simulation_program_with_integrated_circuit_emphasis,Hierarchical simulation program with integrated circuit emphasis HSPICE,Analytical or scientific software,false,false,O*NET Technology Skills 30.2,1,Computer Systems Analysts
high_performance_software_libraries,High-performance software libraries,Development environment software,false,false,O*NET Technology Skills 30.2,1,Computer and Information Research Scientists
hit_software_allora,HiT Software Allora,Metadata management software,false,false,O*NET Technology Skills 30.2,2,Data Warehousing Specialists; Database Architects
honeypot,Honeypot,Transaction security and virus protection software,false,false,O*NET Technology Skills 30.2,2,Information Security Analysts; Network and Computer Systems Administrators
hp_dataprotector,HP DataProtector,Backup or archival software,false,false,O*NET Technology Skills 30.2,2,Database Administrators; Database Architects
hp_fortify,HP Fortify,Network security or virtual private network VPN management software,false,false,O*NET Technology Skills 30.2,1,Information Security Analysts
hp_webinspect,HP WebInspect,Transaction security and virus protection software,false,false,O*NET Technology Skills 30.2,2,Information Security Analysts; Penetration Testers
html,HTML,Web platform development software,true,true,O*NET Technology Skills 30.2,19,Business Intelligence Analysts; Computer Network Architects; Computer Programmers; Computer Systems Analysts; Computer Systems Engineers/Architects; Computer User Support Specialists; Computer and Information Systems Managers; Database Administrators; Database Architects; Digital Forensics Analysts; Information Security Analysts; Information Technology Project Managers; Network and Computer Systems Administrators; Software Developers; Software Quality Assurance Analysts and Testers; Video Game Designers; Web Administrators; Web Developers; Web and Digital Interface Designers
hubspot,HubSpot,Sales and marketing software,true,false,O*NET Technology Skills 30.2,2,Web Developers; Web and Digital Interface Designers
hugging_face,Hugging Face,Development environment software,false,true,O*NET Technology Skills 30.2,1,Computer and Information Research Scientists
human_resource_management_software_hrms,Human resource management software HRMS,Human resources software,false,false,O*NET Technology Skills 30.2,13,Business Intelligence Analysts; Computer Network Architects; Computer Programmers; Computer Systems Analysts; Computer Systems Engineers/Architects; Computer User Support Specialists; Computer and Information Systems Managers; Data Warehousing Specialists; Database Administrators; Information Security Analysts; Information Technology Project Managers; Network and Computer Systems Administrators; Software Quality Assurance Analysts and Testers
hyperoffice_collaboration_suite,HyperOffice Collaboration Suite,Project management software,false,false,O*NET Technology Skills 30.2,1,Information Technology Project Managers
hyperspace,HyperSpace,Configuration management software,false,false,O*NET Technology Skills 30.2,1,Computer Systems Analysts
i_lign,i-lign,Project management software,false,false,O*NET Technology Skills 30.2,1,Information Technology Project Managers
ibm_adstar,IBM ADSTAR,Backup or archival software,false,false,O*NET Technology Skills 30.2,2,Database Administrators; Database Architects
ibm_aix,IBM AIX,Operating system software,false,false,O*NET Technology Skills 30.2,6,Computer Network Architects; Computer Network Support Specialists; Computer Systems Engineers/Architects; Database Architects; Software Developers; Software Quality Assurance Analysts and Testers
ibm_clarity_systems_clarity,IBM Clarity Systems Clarity,Enterprise resource planning ERP software,false,false,O*NET Technology Skills 30.2,1,Data Warehousing Specialists
ibm_cognos_impromptu,IBM Cognos Impromptu,Business intelligence and data analysis software,false,false,O*NET Technology Skills 30.2,18,Business Intelligence Analysts; Computer Network Architects; Computer Programmers; Computer Systems Analysts; Computer Systems Engineers/Architects; Computer User Support Specialists; Computer and Information Research Scientists; Computer and Information Systems Managers; Data Warehousing Specialists; Database Administrators; Database Architects; Information Security Analysts; Information Technology Project Managers; Network and Computer Systems Administrators; Software Developers; Software Quality Assurance Analysts and Testers; Web Developers; Web and Digital Interface Designers
ibm_content_manager,IBM Content Manager,Document management software,false,false,O*NET Technology Skills 30.2,1,Database Architects
ibm_db2,IBM DB2,Data base user interface and query software,true,false,O*NET Technology Skills 30.2,10,Business Intelligence Analysts; Computer Programmers; Computer Systems Analysts; Computer Systems Engineers/Architects; Database Administrators; Database Architects; Information Security Engineers; Information Technology Project Managers; Software Developers; Software Quality Assurance Analysts and Testers
ibm_director,IBM Director,Network monitoring software,false,false,O*NET Technology Skills 30.2,1,Network and Computer Systems Administrators
ibm_domino,IBM Domino,Communications server software,false,false,O*NET Technology Skills 30.2,20,Business Intelligence Analysts; Computer Network Architects; Computer Network Support Specialists; Computer Programmers; Computer Systems Analysts; Computer Systems Engineers/Architects; Computer User Support Specialists; Computer and Information Research Scientists; Computer and Information Systems Managers; Data Warehousing Specialists; Database Administrators; Database Architects; Information Security Analysts; Information Technology Project Managers; Network and Computer Systems Administrators; Software Developers; Software Quality Assurance Analysts and Testers; Telecommunications Engineering Specialists; Web Developers; Web and Digital Interface Designers
ibm_ilog,IBM ILOG,Object or component oriented development software,false,false,O*NET Technology Skills 30.2,1,Computer Systems Engineers/Architects
ibm_informix,IBM Informix,Object oriented data base management software,false,false,O*NET Technology Skills 30.2,4,Database Administrators; Database Architects; Web Developers; Web and Digital Interface Designers
ibm_infosphere_datastage,IBM InfoSphere DataStage,Enterprise application integration software,false,false,O*NET Technology Skills 30.2,17,Business Intelligence Analysts; Computer Network Architects; Computer Programmers; Computer Systems Analysts; Computer Systems Engineers/Architects; Computer User Support Specialists; Computer and Information Research Scientists; Computer and Information Systems Managers; Data Warehousing Specialists; Database Administrators; Database Architects; Information Technology Project Managers; Network and Computer Systems Administrators; Software Developers; Software Quality Assurance Analysts and Testers; Web Developers; Web and Digital Interface Designers
ibm_infosphere_information_server,IBM Infosphere Information Server,Data base management system software,false,false,O*NET Technology Skills 30.2,1,Computer Systems Engineers/Architects
ibm_infosphere_warehouse,IBM InfoSphere Warehouse,Data mining software,false,false,O*NET Technology Skills 30.2,1,Database Architects
ibm_interactive_system_productivity_facility_ispf,IBM Interactive System Productivity Facility ISPF,Data base management system software,false,false,O*NET Technology Skills 30.2,2,Database Administrators; Database Architects
ibm_iseries_access,IBM iSeries Access,Platform interconnectivity software,false,false,O*NET Technology Skills 30.2,1,Computer and Information Systems Managers
ibm_lotus_1_2_3,IBM Lotus 1-2-3,Spreadsheet software,false,false,O*NET Technology Skills 30.2,1,Telecommunications Engineering Specialists
ibm_lotus_sametime,IBM Lotus SameTime,Network conferencing software,false,false,O*NET Technology Skills 30.2,1,Computer Systems Engineers/Architects
ibm_middleware,IBM Middleware,Transaction server software,false,false,O*NET Technology Skills 30.2,5,Information Security Engineers; Penetration Testers; Software Developers; Software Quality Assurance Analysts and Testers; Web Administrators
ibm_netezza_twinfin,IBM Netezza TwinFin,Data base reporting software,false,false,O*NET Technology Skills 30.2,1,Data Warehousing Specialists
ibm_netview,IBM NetView,Network monitoring software,false,false,O*NET Technology Skills 30.2,1,Network and Computer Systems Administrators
ibm_notes,IBM Notes,Electronic mail software,false,false,O*NET Technology Skills 30.2,17,Business Intelligence Analysts; Computer Network Architects; Computer Network Support Specialists; Computer Programmers; Computer Systems Analysts; Computer Systems Engineers/Architects; Computer User Support Specialists; Database Administrators; Database Architects; Information Security Analysts; Information Technology Project Managers; Network and Computer Systems Administrators; Software Developers; Software Quality Assurance Analysts and Testers; Telecommunications Engineering Specialists; Web Developers; Web and Digital Interface Designers
ibm_power_systems,IBM Power Systems,Enterprise system management software,false,false,O*NET Technology Skills 30.2,17,Business Intelligence Analysts; Computer Network Architects; Computer Network Support Specialists; Computer Programmers; Computer Systems Analysts; Computer Systems Engineers/Architects; Computer User Support Specialists; Computer and Information Systems Managers; Database Administrators; Database Architects; Information Security Analysts; Information Technology Project Managers; Network and Computer Systems Administrators; Software Developers; Software Quality Assurance Analysts and Testers; Web Developers; Web and Digital Interface Designers
ibm_qradar_siem,IBM QRadar SIEM,Network monitoring software,false,false,O*NET Technology Skills 30.2,4,Digital Forensics Analysts; Information Security Analysts; Information Security Engineers; Penetration Testers
ibm_rational_apex,IBM Rational Apex,Configuration management software,false,false,O*NET Technology Skills 30.2,1,Computer and Information Research Scientists
ibm_rational_application_developer,IBM Rational Application Developer,Development environment software,false,false,O*NET Technology Skills 30.2,1,Computer Systems Engineers/Architects
ibm_rational_build_forge,IBM Rational Build Forge,Configuration management software,false,false,O*NET Technology Skills 30.2,2,Computer Systems Engineers/Architects; Information Technology Project Managers
ibm_rational_clearcase,IBM Rational ClearCase,Configuration management software,false,false,O*NET Technology Skills 30.2,5,Computer Programmers; Computer Systems Analysts; Computer Systems Engineers/Architects; Software Developers; Software Quality Assurance Analysts and Testers
ibm_rational_clearquest,IBM Rational ClearQuest,Development environment software,false,false,O*NET Technology Skills 30.2,3,Computer Systems Analysts; Software Developers; Software Quality Assurance Analysts and Testers
ibm_rational_data_architect,IBM Rational Data Architect,Metadata management software,false,false,O*NET Technology Skills 30.2,2,Database Administrators; Database Architects
ibm_rational_purifyplus,IBM Rational PurifyPlus,Program testing software,false,false,O*NET Technology Skills 30.2,3,Computer Systems Analysts; Software Developers; Software Quality Assurance Analysts and Testers
ibm_rational_requirements_composer,IBM Rational Requirements Composer,Requirements analysis and system architecture software,false,false,O*NET Technology Skills 30.2,1,Telecommunications Engineering Specialists
ibm_rational_requisitepro,IBM Rational RequisitePro,Requirements analysis and system architecture software,false,false,O*NET Technology Skills 30.2,2,Software Developers; Software Quality Assurance Analysts and Testers
ibm_rational_robot,IBM Rational Robot,Program testing software,false,false,O*NET Technology Skills 30.2,1,Software Quality Assurance Analysts and Testers
ibm_rational_rose_xde,IBM Rational Rose XDE,Development environment software,false,false,O*NET Technology Skills 30.2,7,Computer Systems Analysts; Computer Systems Engineers/Architects; Computer and Information Research Scientists; Software Developers; Software Quality Assurance Analysts and Testers; Web Developers; Web and Digital Interface Designers
ibm_rational_system_architect,IBM Rational System Architect,Metadata management software,false,false,O*NET Technology Skills 30.2,1,Database Architects
ibm_resource_access_control_facility_racf,IBM Resource Access Control Facility RACF,Network security or virtual private network VPN management software,false,false,O*NET Technology Skills 30.2,1,Information Security Engineers
ibm_security_network_intrusion_prevention,IBM Security Network Intrusion Prevention,Network security or virtual private network VPN management software,false,false,O*NET Technology Skills 30.2,1,Computer Network Support Specialists
ibm_software_configuration_and_library_manager_sclm,IBM Software Configuration and Library Manager SCLM,Configuration management software,false,false,O*NET Technology Skills 30.2,1,Information Technology Project Managers
ibm_spss_statistics,IBM SPSS Statistics,Analytical or scientific software,true,false,O*NET Technology Skills 30.2,15,Business Intelligence Analysts; Computer Programmers; Computer Systems Analysts; Computer Systems Engineers/Architects; Computer and Information Research Scientists; Computer and Information Systems Managers; Data Scientists; Data Warehousing Specialists; Database Administrators; Database Architects; Information Technology Project Managers; Software Developers; Software Quality Assurance Analysts and Testers; Web Developers; Web and Digital Interface Designers
ibm_tivoli,IBM Tivoli,Access software,false,false,O*NET Technology Skills 30.2,2,Information Security Engineers; Network and Computer Systems Administrators
ibm_tivoli_access_management_tam,IBM Tivoli Access Management TAM,Access software,false,false,O*NET Technology Skills 30.2,1,Information Security Analysts
ibm_tivoli_identity_management_tim,IBM Tivoli Identity Management TIM,Authentication server software,false,false,O*NET Technology Skills 30.2,1,Information Security Analysts
ibm_tivoli_netview_distribution_manager,IBM Tivoli NetView Distribution Manager,Filesystem software,false,false,O*NET Technology Skills 30.2,1,Computer Network Support Specialists
ibm_unica_enterprise,IBM Unica Enterprise,Financial analysis software,false,false,O*NET Technology Skills 30.2,1,Business Intelligence Analysts
ibm_websphere,IBM WebSphere,Cloud-based management software,false,false,O*NET Technology Skills 30.2,19,Business Intelligence Analysts; Computer Network Architects; Computer Network Support Specialists; Computer Programmers; Computer Systems Analysts; Computer Systems Engineers/Architects; Computer User Support Specialists; Computer and Information Systems Managers; Data Warehousing Specialists; Database Administrators; Database Architects; Information Security Analysts; Information Technology Project Managers; Network and Computer Systems Administrators; Software Developers; Software Quality Assurance Analysts and Testers; Web Administrators; Web Developers; Web and Digital Interface Designers
ibm_websphere_mq,IBM WebSphere MQ,Cloud-based management software,true,false,O*NET Technology Skills 30.2,5,Computer Network Architects; Computer Systems Engineers/Architects; Information Technology Project Managers; Software Developers; Web Administrators
ibm_z_os_operating,IBM z/OS operating,Network operation system software,false,false,O*NET Technology Skills 30.2,2,Software Developers; Software Quality Assurance Analysts and Testers
icon_programming_language,ICON programming language,Development environment software,false,false,O*NET Technology Skills 30.2,3,Computer Programmers; Software Developers; Software Quality Assurance Analysts and Testers
iea_software_emerald,IEA Software Emerald,Data base user interface and query software,false,false,O*NET Technology Skills 30.2,3,Computer Programmers; Software Developers; Software Quality Assurance Analysts and Testers
ifconfig,ifconfig,Administration software,false,false,O*NET Technology Skills 30.2,1,Computer Network Support Specialists
iis,IIS,Transaction server software,false,true,O*NET Technology Skills 30.2,8,Computer Network Support Specialists; Computer Systems Analysts; Computer Systems Engineers/Architects; Software Developers; Software Quality Assurance Analysts and Testers; Web Administrators; Web Developers; Web and Digital Interface Designers
iis_manager,IIS Manager,Transaction server software,false,true,O*NET Technology Skills 30.2,1,Web Administrators
imperva_securesphere,Imperva SecureSphere,Network security and virtual private network VPN equipment software,false,false,O*NET Technology Skills 30.2,1,Information Security Analysts
incremental_compiler,Incremental compiler,Compiler and decompiler software,false,false,O*NET Technology Skills 30.2,1,Computer Programmers
index_tuning,Index tuning,Data base management system software,false,false,O*NET Technology Skills 30.2,2,Database Administrators; Database Architects
infoblox_netmri,Infoblox NetMRI,Network operating system enhancement software,false,false,O*NET Technology Skills 30.2,1,Computer Network Architects
infoblox_security_and_networking,Infoblox security and networking,Administration software,false,false,O*NET Technology Skills 30.2,1,Computer Network Architects
infobright_community_edition_ice,Infobright Community Edition ICE,Analytical or scientific software,false,false,O*NET Technology Skills 30.2,1,Database Architects
infor_erp_baan,Infor ERP Baan,Enterprise resource planning ERP software,false,false,O*NET Technology Skills 30.2,1,Computer and Information Systems Managers
informatica,Informatica,Metadata management software,true,true,O*NET Technology Skills 30.2,5,Business Intelligence Analysts; Data Warehousing Specialists; Database Administrators; Database Architects; Software Developers
informatica_big_data,Informatica Big Data,Data base management system software,false,false,O*NET Technology Skills 30.2,2,Database Administrators; Database Architects
informatica_corporation_powercenter,Informatica Corporation PowerCenter,Metadata management software,false,false,O*NET Technology Skills 30.2,3,Computer Systems Analysts; Database Administrators; Database Architects
informatica_data_explorer,Informatica Data Explorer,Data mining software,false,false,O*NET Technology Skills 30.2,1,Business Intelligence Analysts
informatica_powercenter,Informatica PowerCenter,Metadata management software,false,false,O*NET Technology Skills 30.2,2,Data Warehousing Specialists; Database Architects
information_builders_webfocus,Information Builders WebFOCUS,Data base reporting software,false,false,O*NET Technology Skills 30.2,1,Business Intelligence Analysts
information_systems_integration,Information systems integration,Information retrieval or search software,false,false,O*NET Technology Skills 30.2,1,Computer User Support Specialists
inline_code_expander,Inline code expander,Compiler and decompiler software,false,false,O*NET Technology Skills 30.2,1,Computer Programmers
inloox,InLoox,Project management software,false,false,O*NET Technology Skills 30.2,1,Information Technology Project Managers
inscribe,InScribe,Computer based training software,false,false,O*NET Technology Skills 30.2,1,Computer Systems Engineers/Architects
installshield,InstallShield,Configuration management software,false,false,O*NET Technology Skills 30.2,1,Computer Systems Analysts
integrated_development_environment_ide,Integrated development environment IDE,Development environment software,false,false,O*NET Technology Skills 30.2,18,Business Intelligence Analysts; Computer Network Architects; Computer Programmers; Computer Systems Analysts; Computer Systems Engineers/Architects; Computer User Support Specialists; Computer and Information Research Scientists; Computer and Information Systems Managers; Data Warehousing Specialists; Database Administrators; Database Architects; Information Security Analysts; Information Technology Project Managers; Network and Computer Systems Administrators; Software Developers; Software Quality Assurance Analysts and Testers; Web Developers; Web and Digital Interface Designers
integration_testing,Integration testing,Program testing software,false,false,O*NET Technology Skills 30.2,3,Computer Systems Analysts; Software Developers; Software Quality Assurance Analysts and Testers
integrity_verification,Integrity verification,Network monitoring software,false,false,O*NET Technology Skills 30.2,1,Information Security Analysts
intel_data_migration,Intel Data Migration,Storage media loading software,false,false,O*NET Technology Skills 30.2,1,Database Architects
intel_integrated_performance_primitives,Intel Integrated Performance Primitives,Development environment software,false,false,O*NET Technology Skills 30.2,1,Computer and Information Research Scientists
intel_math_kernel_library,Intel Math Kernel Library,Analytical or scientific software,false,false,O*NET Technology Skills 30.2,1,Computer and Information Research Scientists
intellisys_project_desktop,Intellisys Project Desktop,Project management software,false,false,O*NET Technology Skills 30.2,1,Information Technology Project Managers
interface_computers_data_loader,Interface Computers Data Loader,Metadata management software,false,false,O*NET Technology Skills 30.2,1,Database Architects
interface_definition_language_idl,Interface definition language IDL,Development environment software,false,false,O*NET Technology Skills 30.2,3,Computer Programmers; Software Developers; Software Quality Assurance Analysts and Testers
intermediate_system_to_intermediate_system_is_is,Intermediate System to Intermediate System IS-IS,Switch or router software,false,false,O*NET Technology Skills 30.2,1,Computer Network Architects
intermine,InterMine,Data base management system software,false,false,O*NET Technology Skills 30.2,1,Data Warehousing Specialists
internet_protocol_security_ipsec,Internet Protocol Security IPSEC,Network security or virtual private network VPN management software,false,false,O*NET Technology Skills 30.2,1,Computer Network Architects
interoperability_testing,Interoperability testing,Program testing software,false,false,O*NET Technology Skills 30.2,3,Computer Systems Analysts; Software Developers; Software Quality Assurance Analysts and Testers
interpreter,Interpreter,Compiler and decompiler software,false,false,O*NET Technology Skills 30.2,1,Computer Programmers
interstate_connection_icon,Interstate connection ICON,Development environment software,false,false,O*NET Technology Skills 30.2,3,Computer Programmers; Software Developers; Software Quality Assurance Analysts and Testers
intland_software_codebeamer,Intland Software codeBeamer,Project management software,false,false,O*NET Technology Skills 30.2,1,Information Technology Project Managers
intrusion_detection_system_ids,Intrusion detection system IDS,Network security or virtual private network VPN management software,false,false,O*NET Technology Skills 30.2,4,Computer Systems Engineers/Architects; Digital Forensics Analysts; Information Security Analysts; Information Security Engineers
intrusion_prevention_system_ips,Intrusion prevention system IPS,Network security or virtual private network VPN management software,false,false,O*NET Technology Skills 30.2,4,Computer Network Architects; Computer Network Support Specialists; Information Security Analysts; Network and Computer Systems Administrators
invicti_acunetix,Invicti Acunetix,Transaction security and virus protection software,false,false,O*NET Technology Skills 30.2,1,Penetration Testers
invision,InVision,Process mapping and design software,false,false,O*NET Technology Skills 30.2,2,Web Developers; Web and Digital Interface Designers
iona_orbix,IONA Orbix,Development environment software,false,false,O*NET Technology Skills 30.2,1,Computer Systems Engineers/Architects
ipconfig,ipconfig,Administration software,false,false,O*NET Technology Skills 30.2,1,Computer Network Support Specialists
ipfilter,IpFilter,Network security and virtual private network VPN equipment software,false,false,O*NET Technology Skills 30.2,1,Information Security Analysts
ipro,iPro,Data base user interface and query software,false,false,O*NET Technology Skills 30.2,1,Computer User Support Specialists
ipswitch_whatsup_gold,Ipswitch WhatsUp Gold,Network monitoring software,false,false,O*NET Technology Skills 30.2,1,Computer Network Architects
iptables,IpTables,Network security and virtual private network VPN equipment software,false,false,O*NET Technology Skills 30.2,1,Information Security Analysts
iss_realsecure,ISS RealSecure,Network security or virtual private network VPN management software,false,false,O*NET Technology Skills 30.2,1,Information Security Analysts
issue_tracking_system,Issue tracking system,Data base user interface and query software,false,false,O*NET Technology Skills 30.2,1,Information Technology Project Managers
j,J,Development environment software,false,false,O*NET Technology Skills 30.2,4,Computer Programmers; Computer Systems Analysts; Software Developers; Software Quality Assurance Analysts and Testers
jamboard,JamBoard,Graphics or photo imaging software,false,false,O*NET Technology Skills 30.2,5,Information Technology Project Managers; Software Developers; Software Quality Assurance Analysts and Testers; Web Developers; Web and Digital Interface Designers
java,Java,Object or component oriented development software,true,true,O*NET Technology Skills 30.2,27,Blockchain Engineers; Business Intelligence Analysts; Computer Network Architects; Computer Network Support Specialists; Computer Programmers; Computer Systems Analysts; Computer Systems Engineers/Architects; Computer User Support Specialists; Computer and Information Research Scientists; Computer and Information Systems Managers; Data Scientists; Data Warehousing Specialists; Database Administrators; Database Architects; Digital Forensics Analysts; Information Security Analysts; Information Security Engineers; Information Technology Project Managers; Network and Computer Systems Administrators; Penetration Testers; Software Developers; Software Quality Assurance Analysts and Testers; Telecommunications Engineering Specialists; Video Game Designers; Web Administrators; Web Developers; Web and Digital Interface Designers
java_ee_j2ee,Java EE (J2EE),Development environment software,true,false,O*NET Technology Skills 30.2,9,Computer Systems Analysts; Computer Systems Engineers/Architects; Computer and Information Research Scientists; Information Technology Project Managers; Penetration Testers; Software Developers; Software Quality Assurance Analysts and Testers; Web Developers; Web and Digital Interface Designers
javascript,JavaScript,Web platform development software,true,true,O*NET Technology Skills 30.2,24,Blockchain Engineers; Business Intelligence Analysts; Computer Network Architects; Computer Programmers; Computer Systems Analysts; Computer Systems Engineers/Architects; Computer User Support Specialists; Computer and Information Research Scientists; Computer and Information Systems Managers; Data Scientists; Database Administrators; Database Architects; Digital Forensics Analysts; Information Security Analysts; Information Security Engineers; Information Technology Project Managers; Network and Computer Systems Administrators; Penetration Testers; Software Developers; Software Quality Assurance Analysts and Testers; Video Game Designers; Web Administrators; Web Developers; Web and Digital Interface Designers
javascript_frameworks,JavaScript frameworks,Web platform development software,false,true,O*NET Technology Skills 30.2,2,Software Developers; Web Developers
jekyll,Jekyll,Web platform development software,false,false,O*NET Technology Skills 30.2,2,Web Developers; Web and Digital Interface Designers
jenkins,Jenkins,Enterprise application integration software,true,true,O*NET Technology Skills 30.2,8,Blockchain Engineers; Computer Systems Engineers/Architects; Computer and Information Research Scientists; Data Scientists; Information Security Engineers; Software Developers; Software Quality Assurance Analysts and Testers; Web Developers
jest,Jest,Program testing software,false,false,O*NET Technology Skills 30.2,1,Web Developers
jetbrains_intellij_idea,JetBrains IntelliJ IDEA,Development environment software,false,false,O*NET Technology Skills 30.2,1,Software Quality Assurance Analysts and Testers
jetbrains_phpstorm,JetBrains PhpStorm,Web platform development software,false,false,O*NET Technology Skills 30.2,2,Web Developers; Web and Digital Interface Designers
jetbrains_team_city,JetBrains Team City,Development environment software,false,false,O*NET Technology Skills 30.2,1,Information Technology Project Managers
jfrog_artifactory,JFrog Artifactory,Development environment software,false,false,O*NET Technology Skills 30.2,1,Software Developers
jira,Jira,Content workflow software,true,true,O*NET Technology Skills 30.2,21,Blockchain Engineers; Business Intelligence Analysts; Computer Network Architects; Computer Programmers; Computer Systems Analysts; Computer Systems Engineers/Architects; Computer User Support Specialists; Computer and Information Systems Managers; Data Scientists; Data Warehousing Specialists; Database Administrators; Database Architects; Information Security Analysts; Information Security Engineers; Information Technology Project Managers; Network and Computer Systems Administrators; Software Developers; Software Quality Assurance Analysts and Testers; Video Game Designers; Web Developers; Web and Digital Interface Designers
jitterbit,Jitterbit,Cloud-based management software,false,false,O*NET Technology Skills 30.2,2,Data Warehousing Specialists; Database Architects
jmeter,JMeter,Object or component oriented development software,false,true,O*NET Technology Skills 30.2,1,Software Quality Assurance Analysts and Testers
job_control_language_jcl,Job control language JCL,Operating system software,false,false,O*NET Technology Skills 30.2,18,Business Intelligence Analysts; Computer Network Architects; Computer Network Support Specialists; Computer Programmers; Computer Systems Analysts; Computer Systems Engineers/Architects; Computer User Support Specialists; Data Warehousing Specialists; Database Administrators; Database Architects; Information Security Analysts; Information Technology Project Managers; Network and Computer Systems Administrators; Software Developers; Software Quality Assurance Analysts and Testers; Video Game Designers; Web Developers; Web and Digital Interface Designers
joomla,Joomla,Web platform development software,false,false,O*NET Technology Skills 30.2,1,Web Administrators
jquery,jQuery,Object or component oriented development software,true,true,O*NET Technology Skills 30.2,15,Business Intelligence Analysts; Computer Network Architects; Computer Programmers; Computer Systems Analysts; Computer Systems Engineers/Architects; Computer User Support Specialists; Database Administrators; Database Architects; Information Technology Project Managers; Network and Computer Systems Administrators; Software Developers; Software Quality Assurance Analysts and Testers; Web Administrators; Web Developers; Web and Digital Interface Designers
json,JSON,Web platform development software,true,true,O*NET Technology Skills 30.2,17,Business Intelligence Analysts; Computer Network Architects; Computer Programmers; Computer Systems Analysts; Computer Systems Engineers/Architects; Computer User Support Specialists; Data Scientists; Database Administrators; Database Architects; Information Security Analysts; Information Security Engineers; Information Technology Project Managers; Network and Computer Systems Administrators; Software Developers; Software Quality Assurance Analysts and Testers; Web Developers; Web and Digital Interface Designers
julia,Julia,Development environment software,false,false,O*NET Technology Skills 30.2,1,Data Scientists
juniper_networks_netscreen_security_manager,Juniper Networks NetScreen-Security Manager,Network security and virtual private network VPN equipment software,false,false,O*NET Technology Skills 30.2,2,Information Security Analysts; Web Administrators
junit,JUnit,Program testing software,true,false,O*NET Technology Skills 30.2,12,Computer Network Architects; Computer Programmers; Computer Systems Analysts; Computer Systems Engineers/Architects; Computer User Support Specialists; Database Administrators; Database Architects; Information Technology Project Managers; Software Developers; Software Quality Assurance Analysts and Testers; Web Developers; Web and Digital Interface Designers
jupyter,Jupyter,Object or component oriented development software,false,false,O*NET Technology Skills 30.2,1,Data Scientists
jupyter_notebook,Jupyter Notebook,Object or component oriented development software,false,false,O*NET Technology Skills 30.2,13,Business Intelligence Analysts; Computer Programmers; Computer Systems Analysts; Computer Systems Engineers/Architects; Computer and Information Research Scientists; Database Administrators; Database Architects; Information Technology Project Managers; Network and Computer Systems Administrators; Software Developers; Software Quality Assurance Analysts and Testers; Web Developers; Web and Digital Interface Designers
just_in_time_compiler,Just-in-time compiler,Compiler and decompiler software,false,false,O*NET Technology Skills 30.2,1,Computer Programmers
k2_business_process_automation,K2 Business Process Automation,Development environment software,false,false,O*NET Technology Skills 30.2,1,Computer and Information Systems Managers
kafka,Kafka,Development environment software,true,true,O*NET Technology Skills 30.2,20,Blockchain Engineers; Business Intelligence Analysts; Computer Network Architects; Computer Programmers; Computer Systems Analysts; Computer Systems Engineers/Architects; Computer User Support Specialists; Computer and Information Research Scientists; Data Scientists; Data Warehousing Specialists; Database Administrators; Database Architects; Information Security Analysts; Information Technology Project Managers; Network and Computer Systems Administrators; Software Developers; Software Quality Assurance Analysts and Testers; Telecommunications Engineering Specialists; Web Developers; Web and Digital Interface Designers
kali_linux,Kali Linux,Program testing software,false,true,O*NET Technology Skills 30.2,3,Digital Forensics Analysts; Information Security Analysts; Penetration Testers
kalido_information_engine,Kalido Information Engine,Data base management system software,false,false,O*NET Technology Skills 30.2,1,Data Warehousing Specialists
kapwing,Kapwing,Video creation and editing software,false,false,O*NET Technology Skills 30.2,2,Web Developers; Web and Digital Interface Designers
keras,Keras,Operating system software,false,false,O*NET Technology Skills 30.2,1,Data Scientists
keystroke_monitoring,Keystroke monitoring,Network monitoring software,false,false,O*NET Technology Skills 30.2,1,Information Security Analysts
kforge,Kforge,Enterprise system management software,false,false,O*NET Technology Skills 30.2,1,Information Technology Project Managers
kidasa_milestones_professional,Kidasa Milestones Professional,Project management software,false,false,O*NET Technology Skills 30.2,1,Information Technology Project Managers
koffice_org_kplato,KOffice.org Kplato,Project management software,false,false,O*NET Technology Skills 30.2,1,Information Technology Project Managers
kommandcore,KommandCore,Project management software,false,false,O*NET Technology Skills 30.2,1,Information Technology Project Managers
kornshell,KornShell,Operating system software,false,false,O*NET Technology Skills 30.2,20,Business Intelligence Analysts; Computer Network Architects; Computer Network Support Specialists; Computer Programmers; Computer Systems Analysts; Computer Systems Engineers/Architects; Computer User Support Specialists; Computer and Information Systems Managers; Data Warehousing Specialists; Database Administrators; Database Architects; Information Security Analysts; Information Technology Project Managers; Network and Computer Systems Administrators; Software Developers; Software Quality Assurance Analysts and Testers; Telecommunications Engineering Specialists; Web Administrators; Web Developers; Web and Digital Interface Designers
kotlin,Kotlin,Development environment software,false,false,O*NET Technology Skills 30.2,2,Blockchain Engineers; Software Developers
kubeflow,Kubeflow,Analytical or scientific software,false,false,O*NET Technology Skills 30.2,1,Data Scientists
kubernetes,Kubernetes,Application server software,true,true,O*NET Technology Skills 30.2,10,Blockchain Engineers; Computer Systems Engineers/Architects; Computer and Information Research Scientists; Data Scientists; Database Administrators; Digital Forensics Analysts; Information Security Engineers; Penetration Testers; Software Developers; Web Developers
lamp_stack,LAMP Stack,Web platform development software,false,false,O*NET Technology Skills 30.2,16,Computer Network Architects; Computer Network Support Specialists; Computer Programmers; Computer Systems Analysts; Computer Systems Engineers/Architects; Computer User Support Specialists; Computer and Information Systems Managers; Database Administrators; Database Architects; Information Security Analysts; Information Technology Project Managers; Network and Computer Systems Administrators; Software Developers; Software Quality Assurance Analysts and Testers; Web Developers; Web and Digital Interface Designers
langchain,LangChain,Object or component oriented development software,false,true,O*NET Technology Skills 30.2,1,Computer and Information Research Scientists
langlais_computer_consultants_calman,Langlais Computer Consultants CalMan,Data base user interface and query software,false,false,O*NET Technology Skills 30.2,1,Computer and Information Systems Managers
lavalys_everest,Lavalys Everest,Network monitoring software,false,false,O*NET Technology Skills 30.2,1,Network and Computer Systems Administrators
lexisnexis,LexisNexis,Information retrieval or search software,false,false,O*NET Technology Skills 30.2,10,Business Intelligence Analysts; Computer Systems Analysts; Computer Systems Engineers/Architects; Computer User Support Specialists; Database Administrators; Database Architects; Information Security Analysts; Information Technology Project Managers; Software Developers; Software Quality Assurance Analysts and Testers
libreoffice,LibreOffice,Office suite software,false,false,O*NET Technology Skills 30.2,2,Software Developers; Software Quality Assurance Analysts and Testers
link_encryption,Link encryption,Transaction security and virus protection software,false,false,O*NET Technology Skills 30.2,1,Information Security Analysts
linkedin,LinkedIn,Web page creation and editing software,false,false,O*NET Technology Skills 30.2,3,Software Developers; Software Quality Assurance Analysts and Testers; Web Developers
linux,Linux,Operating system software,true,true,O*NET Technology Skills 30.2,27,Blockchain Engineers; Business Intelligence Analysts; Computer Network Architects; Computer Network Support Specialists; Computer Programmers; Computer Systems Analysts; Computer Systems Engineers/Architects; Computer User Support Specialists; Computer and Information Research Scientists; Computer and Information Systems Managers; Data Scientists; Data Warehousing Specialists; Database Administrators; Database Architects; Digital Forensics Analysts; Information Security Analysts; Information Security Engineers; Information Technology Project Managers; Network and Computer Systems Administrators; Penetration Testers; Software Developers; Software Quality Assurance Analysts and Testers; Telecommunications Engineering Specialists; Video Game Designers; Web Administrators; Web Developers; Web and Digital Interface Designers
liquidplanner,LiquidPlanner,Project management software,false,false,O*NET Technology Skills 30.2,1,Information Technology Project Managers
list_processing_language_lisp,List processing language LISP,Development environment software,false,false,O*NET Technology Skills 30.2,4,Computer Programmers; Computer and Information Research Scientists; Software Developers; Software Quality Assurance Analysts and Testers
load_testing,Load testing,Program testing software,false,false,O*NET Technology Skills 30.2,4,Computer Network Support Specialists; Computer Systems Analysts; Software Developers; Software Quality Assurance Analysts and Testers
local_area_network_lan,Local area network LAN,LAN software,false,false,O*NET Technology Skills 30.2,3,Computer Network Architects; Computer Systems Engineers/Architects; Computer and Information Systems Managers
logic_software_easy_projects_net,Logic Software Easy Projects.NET,Project management software,false,false,O*NET Technology Skills 30.2,1,Information Technology Project Managers
logical_partition_lpar,Logical partition LPAR,Configuration management software,false,false,O*NET Technology Skills 30.2,1,Computer Network Architects
logmatrix_nervecenter,LogMatrix NerveCenter,Network monitoring software,false,false,O*NET Technology Skills 30.2,2,Computer Network Support Specialists; Network and Computer Systems Administrators
logmein_gotomeeting,LogMeIn GoToMeeting,Video conferencing software,false,false,O*NET Technology Skills 30.2,6,Computer User Support Specialists; Database Administrators; Database Architects; Information Technology Project Managers; Software Developers; Software Quality Assurance Analysts and Testers
logmein_gotowebinar,LogMeIn GoToWebinar,Network conferencing software,false,false,O*NET Technology Skills 30.2,5,Computer User Support Specialists; Database Administrators; Database Architects; Software Developers; Software Quality Assurance Analysts and Testers
logo_design,Logo design,Development environment software,false,false,O*NET Technology Skills 30.2,1,Computer Programmers
logrhythm,LogRhythm,Network security or virtual private network VPN management software,false,false,O*NET Technology Skills 30.2,1,Computer Network Architects
loom,Loom,Video creation and editing software,false,false,O*NET Technology Skills 30.2,2,Software Developers; Software Quality Assurance Analysts and Testers
low_level_debugger,Low-level debugger,Program testing software,false,false,O*NET Technology Skills 30.2,1,Computer Programmers
low_level_virtual_machine_llvm_compilers,Low-level virtual machine LLVM compilers,Compiler and decompiler software,false,false,O*NET Technology Skills 30.2,2,Blockchain Engineers; Computer and Information Research Scientists
lua,Lua,Object or component oriented development software,false,false,O*NET Technology Skills 30.2,1,Video Game Designers
lucent_vitalsuite,Lucent VitalSuite,Administration software,false,false,O*NET Technology Skills 30.2,1,Computer Network Architects
lucid_iq_cmp,Lucid IQ CMP,Data base user interface and query software,false,false,O*NET Technology Skills 30.2,1,Computer User Support Specialists
luntbuild,LuntBuild,Development environment software,false,false,O*NET Technology Skills 30.2,1,Information Technology Project Managers
mac_helpmate,Mac HelpMate,Access software,false,false,O*NET Technology Skills 30.2,3,Computer User Support Specialists; Computer and Information Systems Managers; Network and Computer Systems Administrators
madrigal_soft_tools_delegator,Madrigal Soft Tools Delegator,Project management software,false,false,O*NET Technology Skills 30.2,1,Information Technology Project Managers
magellan_firmware,Magellan Firmware,Operating system software,false,false,O*NET Technology Skills 30.2,4,Computer Systems Engineers/Architects; Penetration Testers; Software Developers; Software Quality Assurance Analysts and Testers
management_information_base_mib,Management information base MIB,Network operating system enhancement software,false,false,O*NET Technology Skills 30.2,1,Network and Computer Systems Administrators
management_information_systems_mis,Management information systems MIS,Enterprise resource planning ERP software,false,false,O*NET Technology Skills 30.2,6,Computer and Information Systems Managers; Data Scientists; Digital Forensics Analysts; Information Security Engineers; Penetration Testers; Software Developers
mantisbt,MantisBT,Data base user interface and query software,false,false,O*NET Technology Skills 30.2,1,Information Technology Project Managers
mapr_converged_data_platform,MapR Converged Data Platform,Data base management system software,false,false,O*NET Technology Skills 30.2,2,Database Administrators; Database Architects
mapreduce_big_data,MapReduce big data,Business intelligence and data analysis software,false,false,O*NET Technology Skills 30.2,1,Data Scientists
mariadb,MariaDB,Data base management system software,false,false,O*NET Technology Skills 30.2,2,Database Administrators; Database Architects
marketo_marketing_automation,Marketo Marketing Automation,Sales and marketing software,true,false,O*NET Technology Skills 30.2,9,Business Intelligence Analysts; Computer Systems Analysts; Computer Systems Engineers/Architects; Computer User Support Specialists; Database Administrators; Information Technology Project Managers; Network and Computer Systems Administrators; Software Developers; Web Developers
marklogic,MarkLogic,Data base user interface and query software,false,false,O*NET Technology Skills 30.2,2,Web Developers; Web and Digital Interface Designers
matchware_mindview,MatchWare MindView,Pattern design software,false,false,O*NET Technology Skills 30.2,1,Information Technology Project Managers
mathematical,Mathematical,Analytical or scientific software,false,false,O*NET Technology Skills 30.2,2,Computer and Information Research Scientists; Data Scientists
mathworks_simulink,MathWorks Simulink,Analytical or scientific software,false,false,O*NET Technology Skills 30.2,2,Software Developers; Software Quality Assurance Analysts and Testers
matlab,MATLAB,Analytical or scientific software,true,true,O*NET Technology Skills 30.2,18,Business Intelligence Analysts; Computer Network Architects; Computer Programmers; Computer Systems Analysts; Computer Systems Engineers/Architects; Computer User Support Specialists; Computer and Information Research Scientists; Computer and Information Systems Managers; Data Scientists; Data Warehousing Specialists; Database Administrators; Database Architects; Information Security Analysts; Information Technology Project Managers; Software Developers; Software Quality Assurance Analysts and Testers; Web Developers; Web and Digital Interface Designers
mcafee,McAfee,Transaction security and virus protection software,false,false,O*NET Technology Skills 30.2,17,Business Intelligence Analysts; Computer Network Architects; Computer Network Support Specialists; Computer Programmers; Computer Systems Analysts; Computer Systems Engineers/Architects; Computer User Support Specialists; Computer and Information Systems Managers; Data Warehousing Specialists; Database Administrators; Database Architects; Information Security Analysts; Information Technology Project Managers; Network and Computer Systems Administrators; Software Developers; Software Quality Assurance Analysts and Testers; Telecommunications Engineering Specialists
mcafee_enterprise_security_manager,McAfee Enterprise Security Manager,Risk management data and analysis software,false,false,O*NET Technology Skills 30.2,1,Information Security Engineers
mcafee_virusscan,McAfee VirusScan,Transaction security and virus protection software,false,false,O*NET Technology Skills 30.2,2,Computer Network Architects; Information Security Analysts
media_storage_management,Media storage management,Storage networking software,false,false,O*NET Technology Skills 30.2,1,Computer User Support Specialists
medical_condition_coding,Medical condition coding,Medical software,false,false,O*NET Technology Skills 30.2,2,Business Intelligence Analysts; Computer Systems Analysts
medical_procedure_coding,Medical procedure coding,Medical software,false,false,O*NET Technology Skills 30.2,2,Business Intelligence Analysts; Computer Systems Analysts
meditech,MEDITECH,Medical software,true,false,O*NET Technology Skills 30.2,4,Business Intelligence Analysts; Computer Systems Analysts; Computer Systems Engineers/Architects; Computer User Support Specialists
metasploit,Metasploit,Transaction security and virus protection software,false,true,O*NET Technology Skills 30.2,3,Digital Forensics Analysts; Information Security Analysts; Penetration Testers
meteorjs,MeteorJS,Web platform development software,false,false,O*NET Technology Skills 30.2,2,Web Developers; Web and Digital Interface Designers
micosoft_sql_server_analysis_services_ssas,Micosoft SQL Server Analysis Services SSAS,Business intelligence and data analysis software,false,false,O*NET Technology Skills 30.2,2,Database Administrators; Database Architects
micro_focus_openview,Micro Focus OpenView,Network monitoring software,false,false,O*NET Technology Skills 30.2,2,Computer Network Architects; Information Security Analysts
micromuse_netcool,Micromuse NetCool,Network monitoring software,false,false,O*NET Technology Skills 30.2,1,Network and Computer Systems Administrators
microservices_architecture,Microservices Architecture,Application server software,false,false,O*NET Technology Skills 30.2,5,Blockchain Engineers; Computer Systems Engineers/Architects; Computer and Information Systems Managers; Software Developers; Web Developers
microsoft_access,Microsoft Access,Data base user interface and query software,true,true,O*NET Technology Skills 30.2,22,Business Intelligence Analysts; Computer Network Architects; Computer Network Support Specialists; Computer Programmers; Computer Systems Analysts; Computer Systems Engineers/Architects; Computer User Support Specialists; Computer and Information Systems Managers; Data Scientists; Data Warehousing Specialists; Database Administrators; Database Architects; Digital Forensics Analysts; Information Security Analysts; Information Security Engineers; Information Technology Project Managers; Network and Computer Systems Administrators; Software Developers; Software Quality Assurance Analysts and Testers; Web Administrators; Web Developers; Web and Digital Interface Designers
microsoft_activex,Microsoft ActiveX,Object or component oriented development software,false,false,O*NET Technology Skills 30.2,16,Business Intelligence Analysts; Computer Network Architects; Computer Programmers; Computer Systems Analysts; Computer Systems Engineers/Architects; Computer User Support Specialists; Computer and Information Research Scientists; Database Administrators; Database Architects; Information Technology Project Managers; Network and Computer Systems Administrators; Software Developers; Software Quality Assurance Analysts and Testers; Web Administrators; Web Developers; Web and Digital Interface Designers
microsoft_asp_net,Microsoft ASP.NET,Web platform development software,true,false,O*NET Technology Skills 30.2,15,Business Intelligence Analysts; Computer Network Architects; Computer Programmers; Computer Systems Analysts; Computer Systems Engineers/Architects; Computer User Support Specialists; Database Administrators; Database Architects; Information Security Analysts; Information Technology Project Managers; Network and Computer Systems Administrators; Software Developers; Software Quality Assurance Analysts and Testers; Web Developers; Web and Digital Interface Designers
microsoft_asp_net_core_mvc,Microsoft ASP.NET Core MVC,Web platform development software,false,false,O*NET Technology Skills 30.2,13,Computer Network Architects; Computer Programmers; Computer Systems Analysts; Computer Systems Engineers/Architects; Computer User Support Specialists; Database Administrators; Database Architects; Information Technology Project Managers; Network and Computer Systems Administrators; Software Developers; Software Quality Assurance Analysts and Testers; Web Developers; Web and Digital Interface Designers
microsoft_azure,Microsoft Azure,Development environment software,true,true,O*NET Technology Skills 30.2,25,Blockchain Engineers; Business Intelligence Analysts; Computer Network Architects; Computer Network Support Specialists; Computer Programmers; Computer Systems Analysts; Computer Systems Engineers/Architects; Computer User Support Specialists; Computer and Information Research Scientists; Computer and Information Systems Managers; Data Scientists; Data Warehousing Specialists; Database Administrators; Database Architects; Digital Forensics Analysts; Information Security Analysts; Information Security Engineers; Information Technology Project Managers; Network and Computer Systems Administrators; Penetration Testers; Software Developers; Software Quality Assurance Analysts and Testers; Web Administrators; Web Developers; Web and Digital Interface Designers
microsoft_azure_sentinel,Microsoft Azure Sentinel,Network monitoring software,false,false,O*NET Technology Skills 30.2,1,Information Security Engineers
microsoft_business_contact_manager,Microsoft Business Contact Manager,Customer relationship management CRM software,false,false,O*NET Technology Skills 30.2,1,Computer and Information Systems Managers
microsoft_commerce_server,Microsoft Commerce Server,Web platform development software,false,false,O*NET Technology Skills 30.2,2,Web Developers; Web and Digital Interface Designers
microsoft_defender_antivirus,Microsoft Defender Antivirus,Transaction security and virus protection software,false,false,O*NET Technology Skills 30.2,2,Digital Forensics Analysts; Information Security Engineers
microsoft_directx,Microsoft DirectX,Device drivers or system software,false,false,O*NET Technology Skills 30.2,3,Software Developers; Software Quality Assurance Analysts and Testers; Video Game Designers
microsoft_dns_server,Microsoft DNS Server,Internet directory services software,false,false,O*NET Technology Skills 30.2,1,Web Administrators
microsoft_dynamics,Microsoft Dynamics,Enterprise resource planning ERP software,false,false,O*NET Technology Skills 30.2,19,Business Intelligence Analysts; Computer Network Architects; Computer Network Support Specialists; Computer Programmers; Computer Systems Analysts; Computer Systems Engineers/Architects; Computer User Support Specialists; Computer and Information Research Scientists; Computer and Information Systems Managers; Data Warehousing Specialists; Database Administrators; Database Architects; Information Security Analysts; Information Technology Project Managers; Network and Computer Systems Administrators; Software Developers; Software Quality Assurance Analysts and Testers; Web Developers; Web and Digital Interface Designers
microsoft_dynamics_ax,Microsoft Dynamics AX,Enterprise resource planning ERP software,false,false,O*NET Technology Skills 30.2,1,Computer and Information Systems Managers
microsoft_dynamics_crm,Microsoft Dynamics CRM,Customer relationship management CRM software,false,false,O*NET Technology Skills 30.2,1,Computer and Information Systems Managers
microsoft_dynamics_gp,Microsoft Dynamics GP,Enterprise resource planning ERP software,false,false,O*NET Technology Skills 30.2,12,Business Intelligence Analysts; Computer Programmers; Computer Systems Analysts; Computer Systems Engineers/Architects; Computer User Support Specialists; Computer and Information Systems Managers; Database Administrators; Database Architects; Information Technology Project Managers; Network and Computer Systems Administrators; Software Developers; Software Quality Assurance Analysts and Testers
microsoft_dynamics_nav,Microsoft Dynamics NAV,Enterprise resource planning ERP software,false,false,O*NET Technology Skills 30.2,1,Computer and Information Systems Managers
microsoft_entourage,Microsoft Entourage,Calendar and scheduling software,false,false,O*NET Technology Skills 30.2,1,Computer and Information Systems Managers
microsoft_esp_sdk,Microsoft ESP SDK,Development environment software,false,false,O*NET Technology Skills 30.2,3,Computer Programmers; Software Developers; Software Quality Assurance Analysts and Testers
microsoft_excel,Microsoft Excel,Spreadsheet software,true,true,O*NET Technology Skills 30.2,26,Business Intelligence Analysts; Computer Network Architects; Computer Network Support Specialists; Computer Programmers; Computer Systems Analysts; Computer Systems Engineers/Architects; Computer User Support Specialists; Computer and Information Research Scientists; Computer and Information Systems Managers; Data Scientists; Data Warehousing Specialists; Database Administrators; Database Architects; Digital Forensics Analysts; Information Security Analysts; Information Security Engineers; Information Technology Project Managers; Network and Computer Systems Administrators; Penetration Testers; Software Developers; Software Quality Assurance Analysts and Testers; Telecommunications Engineering Specialists; Video Game Designers; Web Administrators; Web Developers; Web and Digital Interface Designers
microsoft_exchange,Microsoft Exchange,Electronic mail software,false,false,O*NET Technology Skills 30.2,17,Business Intelligence Analysts; Computer Network Architects; Computer Network Support Specialists; Computer Programmers; Computer Systems Analysts; Computer Systems Engineers/Architects; Computer User Support Specialists; Computer and Information Systems Managers; Database Administrators; Database Architects; Information Security Analysts; Information Technology Project Managers; Network and Computer Systems Administrators; Software Developers; Software Quality Assurance Analysts and Testers; Telecommunications Engineering Specialists; Web Administrators
microsoft_expression_blend,Microsoft Expression Blend,Graphical user interface development software,false,false,O*NET Technology Skills 30.2,1,Video Game Designers
microsoft_extensible_application_markup_language_xaml,Microsoft Extensible Application Markup Language (XAML),Development environment software,false,false,O*NET Technology Skills 30.2,1,Computer Programmers
microsoft_forefront_identify_manager,Microsoft Forefront Identify Manager,Authentication server software,false,false,O*NET Technology Skills 30.2,1,Computer Network Architects
microsoft_forefront_threat_management_gateway,Microsoft Forefront Threat Management Gateway,Network security or virtual private network VPN management software,false,false,O*NET Technology Skills 30.2,1,Computer Network Architects
microsoft_frontpage,Microsoft FrontPage,Web page creation and editing software,false,false,O*NET Technology Skills 30.2,3,Computer Programmers; Computer and Information Systems Managers; Web Administrators
microsoft_high_level_shader_language_hlsl,Microsoft High Level Shader Language HLSL,Development environment software,false,false,O*NET Technology Skills 30.2,1,Video Game Designers
microsoft_hyper_v_server,Microsoft Hyper-V Server,Operating system software,false,false,O*NET Technology Skills 30.2,2,Computer Network Support Specialists; Information Security Analysts
microsoft_internet_explorer,Microsoft Internet Explorer,Internet browser software,false,false,O*NET Technology Skills 30.2,3,Computer and Information Systems Managers; Software Quality Assurance Analysts and Testers; Web Administrators
microsoft_net_framework,Microsoft .NET Framework,Development environment software,true,false,O*NET Technology Skills 30.2,18,Business Intelligence Analysts; Computer Network Architects; Computer Programmers; Computer Systems Analysts; Computer Systems Engineers/Architects; Computer User Support Specialists; Computer and Information Systems Managers; Data Warehousing Specialists; Database Administrators; Database Architects; Information Security Analysts; Information Technology Project Managers; Network and Computer Systems Administrators; Software Developers; Software Quality Assurance Analysts and Testers; Web Administrators; Web Developers; Web and Digital Interface Designers
microsoft_network_monitor,Microsoft Network Monitor,Network monitoring software,false,false,O*NET Technology Skills 30.2,1,Computer Network Support Specialists
microsoft_office,Microsoft Office,Office suite software,true,true,O*NET Technology Skills 30.2,26,Business Intelligence Analysts; Computer Network Architects; Computer Network Support Specialists; Computer Programmers; Computer Systems Analysts; Computer Systems Engineers/Architects; Computer User Support Specialists; Computer and Information Research Scientists; Computer and Information Systems Managers; Data Scientists; Data Warehousing Specialists; Database Administrators; Database Architects; Digital Forensics Analysts; Information Security Analysts; Information Security Engineers; Information Technology Project Managers; Network and Computer Systems Administrators; Penetration Testers; Software Developers; Software Quality Assurance Analysts and Testers; Telecommunications Engineering Specialists; Video Game Designers; Web Administrators; Web Developers; Web and Digital Interface Designers
microsoft_onenote,Microsoft OneNote,Word processing software,false,false,O*NET Technology Skills 30.2,4,Computer User Support Specialists; Information Technology Project Managers; Software Developers; Software Quality Assurance Analysts and Testers
microsoft_outlook,Microsoft Outlook,Electronic mail software,true,true,O*NET Technology Skills 30.2,15,Business Intelligence Analysts; Computer Network Support Specialists; Computer Systems Analysts; Computer User Support Specialists; Computer and Information Systems Managers; Data Warehousing Specialists; Database Administrators; Database Architects; Information Security Engineers; Information Technology Project Managers; Network and Computer Systems Administrators; Software Developers; Software Quality Assurance Analysts and Testers; Telecommunications Engineering Specialists; Video Game Designers
microsoft_power_automate,Microsoft Power Automate,Enterprise application integration software,true,false,O*NET Technology Skills 30.2,2,Business Intelligence Analysts; Software Developers
microsoft_power_bi,Microsoft Power BI,Business intelligence and data analysis software,true,true,O*NET Technology Skills 30.2,8,Business Intelligence Analysts; Computer Systems Analysts; Computer and Information Research Scientists; Data Scientists; Data Warehousing Specialists; Database Administrators; Database Architects; Software Developers
microsoft_power_platform,Microsoft Power Platform,Enterprise application integration software,true,false,O*NET Technology Skills 30.2,3,Business Intelligence Analysts; Computer Systems Engineers/Architects; Software Developers
microsoft_powerpoint,Microsoft PowerPoint,Presentation software,true,true,O*NET Technology Skills 30.2,23,Business Intelligence Analysts; Computer Network Architects; Computer Network Support Specialists; Computer Programmers; Computer Systems Analysts; Computer Systems Engineers/Architects; Computer User Support Specialists; Computer and Information Research Scientists; Computer and Information Systems Managers; Data Scientists; Data Warehousing Specialists; Database Administrators; Database Architects; Digital Forensics Analysts; Information Security Analysts; Information Security Engineers; Information Technology Project Managers; Network and Computer Systems Administrators; Software Developers; Software Quality Assurance Analysts and Testers; Telecommunications Engineering Specialists; Video Game Designers; Web Administrators
microsoft_proclarity,Microsoft Proclarity,Data base reporting software,false,false,O*NET Technology Skills 30.2,1,Business Intelligence Analysts
microsoft_project,Microsoft Project,Project management software,true,false,O*NET Technology Skills 30.2,22,Business Intelligence Analysts; Computer Network Architects; Computer Network Support Specialists; Computer Programmers; Computer Systems Analysts; Computer Systems Engineers/Architects; Computer User Support Specialists; Computer and Information Research Scientists; Computer and Information Systems Managers; Data Warehousing Specialists; Database Administrators; Database Architects; Information Security Analysts; Information Technology Project Managers; Network and Computer Systems Administrators; Software Developers; Software Quality Assurance Analysts and Testers; Telecommunications Engineering Specialists; Video Game Designers; Web Administrators; Web Developers; Web and Digital Interface Designers
microsoft_publisher,Microsoft Publisher,Desktop publishing software,false,false,O*NET Technology Skills 30.2,13,Business Intelligence Analysts; Computer Programmers; Computer Systems Analysts; Computer User Support Specialists; Data Warehousing Specialists; Database Administrators; Database Architects; Information Technology Project Managers; Network and Computer Systems Administrators; Software Developers; Software Quality Assurance Analysts and Testers; Web Developers; Web and Digital Interface Designers
microsoft_security_esssentials,Microsoft Security Esssentials,Transaction security and virus protection software,false,false,O*NET Technology Skills 30.2,1,Information Security Engineers
microsoft_sharepoint,Microsoft SharePoint,Document management software,true,true,O*NET Technology Skills 30.2,20,Business Intelligence Analysts; Computer Network Architects; Computer Network Support Specialists; Computer Programmers; Computer Systems Analysts; Computer Systems Engineers/Architects; Computer User Support Specialists; Computer and Information Systems Managers; Data Warehousing Specialists; Database Administrators; Database Architects; Information Security Analysts; Information Security Engineers; Information Technology Project Managers; Network and Computer Systems Administrators; Software Developers; Software Quality Assurance Analysts and Testers; Web Administrators; Web Developers; Web and Digital Interface Designers
microsoft_sharepoint_server,Microsoft SharePoint Server,Document management software,false,false,O*NET Technology Skills 30.2,2,Computer and Information Systems Managers; Web Administrators
microsoft_silverlight,Microsoft Silverlight,Web platform development software,false,false,O*NET Technology Skills 30.2,1,Computer Programmers
microsoft_sql_server,Microsoft SQL Server,Data base user interface and query software,true,true,O*NET Technology Skills 30.2,25,Business Intelligence Analysts; Computer Network Architects; Computer Network Support Specialists; Computer Programmers; Computer Systems Analysts; Computer Systems Engineers/Architects; Computer User Support Specialists; Computer and Information Research Scientists; Computer and Information Systems Managers; Data Scientists; Data Warehousing Specialists; Database Administrators; Database Architects; Information Security Analysts; Information Security Engineers; Information Technology Project Managers; Network and Computer Systems Administrators; Penetration Testers; Software Developers; Software Quality Assurance Analysts and Testers; Telecommunications Engineering Specialists; Video Game Designers; Web Administrators; Web Developers; Web and Digital Interface Designers
microsoft_systems_management_server,Microsoft Systems Management Server,Enterprise system management software,false,false,O*NET Technology Skills 30.2,1,Computer Programmers
microsoft_teams,Microsoft Teams,Project management software,true,false,O*NET Technology Skills 30.2,10,Computer Systems Analysts; Computer Systems Engineers/Architects; Computer User Support Specialists; Information Security Analysts; Information Security Engineers; Information Technology Project Managers; Network and Computer Systems Administrators; Software Developers; Software Quality Assurance Analysts and Testers; Telecommunications Engineering Specialists
microsoft_transact_structural_query_language_t_sql,Microsoft transact-structural query language T-SQL,Data base management system software,false,false,O*NET Technology Skills 30.2,2,Software Developers; Software Quality Assurance Analysts and Testers
microsoft_virtual_server,Microsoft Virtual Server,Application server software,false,false,O*NET Technology Skills 30.2,1,Web Administrators
microsoft_visio,Microsoft Visio,Process mapping and design software,true,true,O*NET Technology Skills 30.2,21,Business Intelligence Analysts; Computer Network Architects; Computer Programmers; Computer Systems Analysts; Computer Systems Engineers/Architects; Computer User Support Specialists; Computer and Information Systems Managers; Data Warehousing Specialists; Database Administrators; Database Architects; Information Security Analysts; Information Security Engineers; Information Technology Project Managers; Network and Computer Systems Administrators; Software Developers; Software Quality Assurance Analysts and Testers; Telecommunications Engineering Specialists; Video Game Designers; Web Administrators; Web Developers; Web and Digital Interface Designers
microsoft_visual_basic,Microsoft Visual Basic,Development environment software,true,false,O*NET Technology Skills 30.2,19,Business Intelligence Analysts; Computer Network Architects; Computer Network Support Specialists; Computer Programmers; Computer Systems Analysts; Computer Systems Engineers/Architects; Computer User Support Specialists; Computer and Information Research Scientists; Computer and Information Systems Managers; Data Warehousing Specialists; Database Administrators; Database Architects; Information Security Analysts; Information Technology Project Managers; Network and Computer Systems Administrators; Software Developers; Software Quality Assurance Analysts and Testers; Web Developers; Web and Digital Interface Designers
microsoft_visual_basic_net,Microsoft Visual Basic.NET,Object or component oriented development software,false,false,O*NET Technology Skills 30.2,9,Computer Programmers; Computer Systems Analysts; Computer and Information Research Scientists; Database Administrators; Database Architects; Software Developers; Software Quality Assurance Analysts and Testers; Web Developers; Web and Digital Interface Designers
microsoft_visual_csharp_net,Microsoft Visual C# .NET,Object or component oriented development software,false,false,O*NET Technology Skills 30.2,9,Computer Programmers; Computer Systems Analysts; Computer and Information Research Scientists; Database Administrators; Database Architects; Software Developers; Software Quality Assurance Analysts and Testers; Web Developers; Web and Digital Interface Designers
microsoft_visual_foxpro,Microsoft Visual FoxPro,Object oriented data base management software,false,false,O*NET Technology Skills 30.2,3,Computer Programmers; Computer Systems Analysts; Computer and Information Systems Managers
microsoft_visual_interdev,Microsoft Visual InterDev,Web platform development software,false,false,O*NET Technology Skills 30.2,2,Web Developers; Web and Digital Interface Designers
microsoft_visual_sourcesafe,Microsoft Visual SourceSafe,Development environment software,false,false,O*NET Technology Skills 30.2,3,Software Quality Assurance Analysts and Testers; Web Developers; Web and Digital Interface Designers
microsoft_visual_studio,Microsoft Visual Studio,Development environment software,true,true,O*NET Technology Skills 30.2,20,Business Intelligence Analysts; Computer Network Architects; Computer Programmers; Computer Systems Analysts; Computer Systems Engineers/Architects; Computer User Support Specialists; Computer and Information Research Scientists; Computer and Information Systems Managers; Data Warehousing Specialists; Database Administrators; Database Architects; Information Security Analysts; Information Technology Project Managers; Network and Computer Systems Administrators; Software Developers; Software Quality Assurance Analysts and Testers; Video Game Designers; Web Administrators; Web Developers; Web and Digital Interface Designers
microsoft_visual_studio_net,Microsoft Visual Studio.NET,Development environment software,false,false,O*NET Technology Skills 30.2,1,Computer and Information Research Scientists
microsoft_volume_shadow_copy_service,Microsoft Volume Shadow Copy Service,Backup or archival software,false,false,O*NET Technology Skills 30.2,1,Computer User Support Specialists
microsoft_windows,Microsoft Windows,Operating system software,true,true,O*NET Technology Skills 30.2,21,Computer Network Architects; Computer Network Support Specialists; Computer Programmers; Computer Systems Analysts; Computer Systems Engineers/Architects; Computer User Support Specialists; Data Warehousing Specialists; Database Administrators; Database Architects; Digital Forensics Analysts; Information Security Analysts; Information Security Engineers; Information Technology Project Managers; Network and Computer Systems Administrators; Software Developers; Software Quality Assurance Analysts and Testers; Telecommunications Engineering Specialists; Video Game Designers; Web Administrators; Web Developers; Web and Digital Interface Designers
microsoft_windows_powershell,Microsoft Windows PowerShell,Operating system software,false,false,O*NET Technology Skills 30.2,1,Computer Network Support Specialists
microsoft_windows_pre_installation_environment,Microsoft Windows Pre-installation Environment,Operating system software,false,false,O*NET Technology Skills 30.2,1,Computer User Support Specialists
microsoft_windows_sdk,Microsoft Windows SDK,Development environment software,false,false,O*NET Technology Skills 30.2,1,Software Quality Assurance Analysts and Testers
microsoft_windows_server,Microsoft Windows Server,Application server software,true,true,O*NET Technology Skills 30.2,20,Business Intelligence Analysts; Computer Network Architects; Computer Network Support Specialists; Computer Programmers; Computer Systems Analysts; Computer Systems Engineers/Architects; Computer User Support Specialists; Computer and Information Systems Managers; Database Administrators; Database Architects; Digital Forensics Analysts; Information Security Analysts; Information Security Engineers; Information Technology Project Managers; Network and Computer Systems Administrators; Software Developers; Software Quality Assurance Analysts and Testers; Telecommunications Engineering Specialists; Web Developers; Web and Digital Interface Designers
microsoft_windows_sysprep,Microsoft Windows Sysprep,Configuration management software,false,false,O*NET Technology Skills 30.2,2,Computer Network Support Specialists; Network and Computer Systems Administrators
microsoft_windows_terminal_services_access_manager,Microsoft Windows Terminal Services Access Manager,Gateway software,false,false,O*NET Technology Skills 30.2,1,Network and Computer Systems Administrators
microsoft_windows_xp,Microsoft Windows XP,Operating system software,false,false,O*NET Technology Skills 30.2,1,Computer and Information Research Scientists
microsoft_word,Microsoft Word,Word processing software,true,true,O*NET Technology Skills 30.2,17,Business Intelligence Analysts; Computer Network Architects; Computer Network Support Specialists; Computer Programmers; Computer Systems Analysts; Computer User Support Specialists; Computer and Information Systems Managers; Data Warehousing Specialists; Database Administrators; Database Architects; Information Security Analysts; Information Technology Project Managers; Software Developers; Software Quality Assurance Analysts and Testers; Telecommunications Engineering Specialists; Video Game Designers; Web Administrators
microstrategy,MicroStrategy,Business intelligence and data analysis software,false,false,O*NET Technology Skills 30.2,18,Business Intelligence Analysts; Computer Network Architects; Computer Programmers; Computer Systems Analysts; Computer Systems Engineers/Architects; Computer User Support Specialists; Computer and Information Research Scientists; Computer and Information Systems Managers; Data Warehousing Specialists; Database Administrators; Database Architects; Information Security Analysts; Information Technology Project Managers; Network and Computer Systems Administrators; Software Developers; Software Quality Assurance Analysts and Testers; Web Developers; Web and Digital Interface Designers
migration,Migration,Platform interconnectivity software,false,false,O*NET Technology Skills 30.2,3,Computer User Support Specialists; Software Developers; Software Quality Assurance Analysts and Testers
migration_testing,Migration testing,Program testing software,false,false,O*NET Technology Skills 30.2,3,Computer Systems Analysts; Software Developers; Software Quality Assurance Analysts and Testers
mind_mapping,Mind mapping,Pattern design software,false,false,O*NET Technology Skills 30.2,1,Information Technology Project Managers
mindgenius,MindGenius,Pattern design software,false,false,O*NET Technology Skills 30.2,1,Information Technology Project Managers
minitab,Minitab,Analytical or scientific software,false,false,O*NET Technology Skills 30.2,11,Business Intelligence Analysts; Computer Network Architects; Computer Programmers; Computer Systems Analysts; Computer Systems Engineers/Architects; Computer and Information Research Scientists; Database Administrators; Database Architects; Information Technology Project Managers; Software Developers; Software Quality Assurance Analysts and Testers
minuteman_systems_minuteman_project_management,MinuteMan Systems MinuteMan Project Management,Project management software,false,false,O*NET Technology Skills 30.2,1,Information Technology Project Managers
mitre_attandck,MITRE ATT&CK,Program testing software,false,true,O*NET Technology Skills 30.2,3,Digital Forensics Analysts; Information Security Analysts; Penetration Testers
mixed_code_generator,Mixed code generator,Compiler and decompiler software,false,false,O*NET Technology Skills 30.2,1,Computer Programmers
mlflow,Mlflow,Analytical or scientific software,false,false,O*NET Technology Skills 30.2,1,Data Scientists
mobile_wireless_network_infrastructure,Mobile wireless network infrastructure,Wireless software,false,false,O*NET Technology Skills 30.2,1,Computer and Information Systems Managers
modula,Modula,Object or component oriented development software,false,false,O*NET Technology Skills 30.2,3,Computer Programmers; Software Developers; Software Quality Assurance Analysts and Testers
mongodb,MongoDB,Data base management system software,true,true,O*NET Technology Skills 30.2,21,Blockchain Engineers; Business Intelligence Analysts; Computer Network Architects; Computer Programmers; Computer Systems Analysts; Computer Systems Engineers/Architects; Computer User Support Specialists; Computer and Information Research Scientists; Computer and Information Systems Managers; Data Scientists; Data Warehousing Specialists; Database Administrators; Database Architects; Information Security Analysts; Information Security Engineers; Information Technology Project Managers; Network and Computer Systems Administrators; Software Developers; Software Quality Assurance Analysts and Testers; Web Developers; Web and Digital Interface Designers
moodle,Moodle,Computer based training software,false,false,O*NET Technology Skills 30.2,6,Computer User Support Specialists; Network and Computer Systems Administrators; Software Developers; Software Quality Assurance Analysts and Testers; Web Developers; Web and Digital Interface Designers
mozilla_firefox,Mozilla Firefox,Internet browser software,true,false,O*NET Technology Skills 30.2,2,Software Quality Assurance Analysts and Testers; Web Administrators
mpi_micro_planner_x_pert,MPI Micro Planner X-Pert,Pattern design software,false,false,O*NET Technology Skills 30.2,1,Information Technology Project Managers
mulesoft,MuleSoft,Enterprise application integration software,false,false,O*NET Technology Skills 30.2,1,Software Developers
multi_router_traffic_grapher_mrtg,Multi-router traffic grapher MRTG,Network monitoring software,false,false,O*NET Technology Skills 30.2,2,Computer Network Architects; Network and Computer Systems Administrators
multidimensional_expressions_mdx,Multidimensional Expressions MDX,Data base management system software,false,false,O*NET Technology Skills 30.2,1,Database Architects
multiprotocol_label_switching_mpls,Multiprotocol Label Switching MPLS,Internet protocol IP multimedia subsystem software,false,false,O*NET Technology Skills 30.2,1,Computer Network Architects
multisensory_data_representation,Multisensory data representation,Analytical or scientific software,false,false,O*NET Technology Skills 30.2,1,Computer and Information Research Scientists
mumps_m,MUMPS M,Development environment software,false,false,O*NET Technology Skills 30.2,3,Computer Programmers; Software Developers; Software Quality Assurance Analysts and Testers
mutation_testing,Mutation testing,Program testing software,false,false,O*NET Technology Skills 30.2,3,Computer Systems Analysts; Software Developers; Software Quality Assurance Analysts and Testers
mysql,MySQL,Data base user interface and query software,true,true,O*NET Technology Skills 30.2,22,Blockchain Engineers; Business Intelligence Analysts; Computer Network Architects; Computer Network Support Specialists; Computer Programmers; Computer Systems Analysts; Computer Systems Engineers/Architects; Computer User Support Specialists; Computer and Information Research Scientists; Computer and Information Systems Managers; Data Warehousing Specialists; Database Administrators; Database Architects; Information Security Analysts; Information Technology Project Managers; Network and Computer Systems Administrators; Software Developers; Software Quality Assurance Analysts and Testers; Video Game Designers; Web Administrators; Web Developers; Web and Digital Interface Designers
nagios,Nagios,Network monitoring software,false,false,O*NET Technology Skills 30.2,19,Business Intelligence Analysts; Computer Network Architects; Computer Network Support Specialists; Computer Programmers; Computer Systems Analysts; Computer Systems Engineers/Architects; Computer User Support Specialists; Computer and Information Systems Managers; Data Warehousing Specialists; Database Administrators; Database Architects; Information Security Analysts; Information Technology Project Managers; Network and Computer Systems Administrators; Software Developers; Software Quality Assurance Analysts and Testers; Telecommunications Engineering Specialists; Web Developers; Web and Digital Interface Designers
national_instruments_labview,National Instruments LabVIEW,Development environment software,false,false,O*NET Technology Skills 30.2,9,Computer Network Architects; Computer Programmers; Computer Systems Analysts; Computer Systems Engineers/Architects; Computer User Support Specialists; Computer and Information Research Scientists; Information Security Analysts; Software Developers; Software Quality Assurance Analysts and Testers
navisworks_jetstream,NavisWorks Jetstream,Computer aided design CAD software,false,true,O*NET Technology Skills 30.2,1,Telecommunications Engineering Specialists
nbtstat,nbtstat,Network monitoring software,false,false,O*NET Technology Skills 30.2,1,Computer Network Support Specialists
nearpod,Nearpod,Multi-media educational software,false,false,O*NET Technology Skills 30.2,4,Computer User Support Specialists; Database Administrators; Database Architects; Web and Digital Interface Designers
neo4j,Neo4j,Data base user interface and query software,false,false,O*NET Technology Skills 30.2,1,Data Scientists
nessus,Nessus,Transaction security and virus protection software,false,true,O*NET Technology Skills 30.2,4,Digital Forensics Analysts; Information Security Analysts; Information Security Engineers; Penetration Testers
netiq,NetIQ,Administration software,false,false,O*NET Technology Skills 30.2,1,Computer Network Architects
netreo_omnicenter,Netreo OmniCenter,Administration software,false,false,O*NET Technology Skills 30.2,1,Computer Network Architects
netscape_navigator,Netscape Navigator,Internet browser software,false,false,O*NET Technology Skills 30.2,1,Computer and Information Systems Managers
netscout_infinitistream_console,NetScout InfinitiStream Console,Network monitoring software,false,false,O*NET Technology Skills 30.2,1,Computer Network Architects
netscout_sniffer_global_analyzer,NetScout Sniffer Global Analyzer,Network monitoring software,false,false,O*NET Technology Skills 30.2,1,Computer Network Support Specialists
netscout_sniffer_portable_professional_analyzer,NetScout Sniffer Portable Professional Analyzer,Network monitoring software,false,false,O*NET Technology Skills 30.2,1,Computer Network Support Specialists
netstat,netstat,Network monitoring software,false,false,O*NET Technology Skills 30.2,1,Computer Network Support Specialists
netsuite_erp,NetSuite ERP,Enterprise resource planning ERP software,false,false,O*NET Technology Skills 30.2,15,Business Intelligence Analysts; Computer Programmers; Computer Systems Analysts; Computer Systems Engineers/Architects; Computer User Support Specialists; Computer and Information Systems Managers; Data Warehousing Specialists; Database Administrators; Database Architects; Information Technology Project Managers; Network and Computer Systems Administrators; Software Developers; Software Quality Assurance Analysts and Testers; Web Developers; Web and Digital Interface Designers
network_address_management,Network address management,Administration software,false,false,O*NET Technology Skills 30.2,1,Network and Computer Systems Administrators
network_addressable_storage_nas,Network addressable storage NAS,Internet directory services software,false,false,O*NET Technology Skills 30.2,1,Network and Computer Systems Administrators
network_and_application_load_and_performance_testing,Network and application load and performance testing,Network monitoring software,false,false,O*NET Technology Skills 30.2,2,Computer Network Architects; Network and Computer Systems Administrators
network_and_component_performance_analysis,Network and component performance analysis,Network monitoring software,false,false,O*NET Technology Skills 30.2,2,Computer Network Architects; Network and Computer Systems Administrators
network_and_system_vulnerability_assessment,Network and system vulnerability assessment,Network security or virtual private network VPN management software,false,false,O*NET Technology Skills 30.2,4,Computer Network Architects; Computer Network Support Specialists; Information Security Analysts; Network and Computer Systems Administrators
network_architecture_design,Network architecture design,Requirements analysis and system architecture software,false,false,O*NET Technology Skills 30.2,1,Computer Network Architects
network_availability_monitoring,Network availability monitoring,Network monitoring software,false,false,O*NET Technology Skills 30.2,2,Computer Network Architects; Network and Computer Systems Administrators
network_bridge,Network bridge,Bridge software,false,false,O*NET Technology Skills 30.2,1,Computer Network Architects
network_design,Network design,Computer aided design CAD software,false,false,O*NET Technology Skills 30.2,1,Computer Network Support Specialists
network_directory_services,Network directory services,Internet directory services software,false,false,O*NET Technology Skills 30.2,4,Computer User Support Specialists; Digital Forensics Analysts; Information Security Analysts; Information Security Engineers
network_documentation,Network documentation,Administration software,false,false,O*NET Technology Skills 30.2,2,Computer Network Architects; Network and Computer Systems Administrators
network_hardware_and_software_auditing,"Network, hardware, and software auditing",Network monitoring software,false,false,O*NET Technology Skills 30.2,1,Information Security Analysts
network_instruments_observer_standard,Network Instruments Observer Standard,Network monitoring software,false,false,O*NET Technology Skills 30.2,1,Computer Network Support Specialists
network_intrusion_detection,Network intrusion detection,Network security and virtual private network VPN equipment software,false,false,O*NET Technology Skills 30.2,4,Computer Network Architects; Computer Network Support Specialists; Network and Computer Systems Administrators; Software Quality Assurance Analysts and Testers
network_intrusion_prevention_systems_nips,Network intrusion prevention systems NIPS,Network monitoring software,false,false,O*NET Technology Skills 30.2,6,Computer Network Architects; Computer Programmers; Computer Systems Analysts; Computer Systems Engineers/Architects; Information Security Analysts; Network and Computer Systems Administrators
network_management,Network management,Administration software,false,false,O*NET Technology Skills 30.2,2,Network and Computer Systems Administrators; Telecommunications Engineering Specialists
network_modeling_mapping_and_analysis,"Network modeling, mapping, and analysis",Network monitoring software,false,false,O*NET Technology Skills 30.2,2,Computer Network Architects; Network and Computer Systems Administrators
network_reporting,Network reporting,Data base reporting software,false,false,O*NET Technology Skills 30.2,1,Computer Network Architects
network_security_auditing,Network security auditing,Network security or virtual private network VPN management software,false,false,O*NET Technology Skills 30.2,1,Information Security Analysts
network_server_and_operating_system_optimization,"Network, server and operating system optimization",Network operating system enhancement software,false,false,O*NET Technology Skills 30.2,2,Computer Network Architects; Network and Computer Systems Administrators
network_shutdown,Network shutdown,Administration software,false,false,O*NET Technology Skills 30.2,1,Network and Computer Systems Administrators
network_storage,Network storage,Storage networking software,false,false,O*NET Technology Skills 30.2,1,Computer Network Architects
network_traffic_flow_monitoring_and_analysis,Network traffic flow monitoring and analysis,Network monitoring software,false,false,O*NET Technology Skills 30.2,2,Computer Network Architects; Network and Computer Systems Administrators
network_traffic_probe,Network traffic probe,Network monitoring software,false,false,O*NET Technology Skills 30.2,2,Computer Network Architects; Network and Computer Systems Administrators
ngrep,ngrep,Network monitoring software,false,false,O*NET Technology Skills 30.2,1,Computer Network Support Specialists
niksun_netdetector,NIKSUN NetDetector,Network security or virtual private network VPN management software,false,false,O*NET Technology Skills 30.2,1,Computer Network Support Specialists
ninian_huddle,Ninian Huddle,Project management software,false,false,O*NET Technology Skills 30.2,1,Information Technology Project Managers
nmap,Nmap,Transaction security and virus protection software,false,true,O*NET Technology Skills 30.2,1,Penetration Testers
node_js,Node.js,Web platform development software,true,true,O*NET Technology Skills 30.2,17,Blockchain Engineers; Computer Network Architects; Computer Programmers; Computer Systems Analysts; Computer Systems Engineers/Architects; Computer User Support Specialists; Computer and Information Research Scientists; Computer and Information Systems Managers; Database Administrators; Database Architects; Information Security Analysts; Information Technology Project Managers; Network and Computer Systems Administrators; Software Developers; Software Quality Assurance Analysts and Testers; Web Developers; Web and Digital Interface Designers
norton_antivirus,Norton AntiVirus,Transaction security and virus protection software,false,false,O*NET Technology Skills 30.2,2,Computer Network Support Specialists; Information Security Analysts
nortonlifelock_cybersecurity,NortonLifeLock cybersecurity,Transaction security and virus protection software,false,false,O*NET Technology Skills 30.2,18,Business Intelligence Analysts; Computer Network Architects; Computer Network Support Specialists; Computer Systems Analysts; Computer Systems Engineers/Architects; Computer User Support Specialists; Computer and Information Systems Managers; Data Warehousing Specialists; Database Administrators; Database Architects; Information Security Analysts; Information Technology Project Managers; Network and Computer Systems Administrators; Software Developers; Software Quality Assurance Analysts and Testers; Telecommunications Engineering Specialists; Web Developers; Web and Digital Interface Designers
nosql,NoSQL,Data base management system software,true,true,O*NET Technology Skills 30.2,21,Blockchain Engineers; Business Intelligence Analysts; Computer Network Architects; Computer Programmers; Computer Systems Analysts; Computer Systems Engineers/Architects; Computer User Support Specialists; Computer and Information Research Scientists; Computer and Information Systems Managers; Data Scientists; Data Warehousing Specialists; Database Administrators; Database Architects; Information Security Analysts; Information Security Engineers; Information Technology Project Managers; Network and Computer Systems Administrators; Software Developers; Software Quality Assurance Analysts and Testers; Web Developers; Web and Digital Interface Designers
novamind_merlin_project_manager,NovaMind Merlin Project Manager,Pattern design software,false,false,O*NET Technology Skills 30.2,1,Information Technology Project Managers
novastor_novabackup,NovaStor NovaBACKUP,Backup or archival software,false,false,O*NET Technology Skills 30.2,2,Computer Network Support Specialists; Telecommunications Engineering Specialists
novell_edirectory,Novell eDirectory,Internet directory services software,false,false,O*NET Technology Skills 30.2,1,Computer Network Support Specialists
novell_netware_management_station,Novell NetWare Management Station,Network monitoring software,false,false,O*NET Technology Skills 30.2,1,Network and Computer Systems Administrators
nslookup,Nslookup,Network monitoring software,false,false,O*NET Technology Skills 30.2,1,Computer Network Support Specialists
numpy,NumPy,Data base user interface and query software,false,true,O*NET Technology Skills 30.2,1,Data Scientists
nunit,NUnit,Program testing software,false,false,O*NET Technology Skills 30.2,1,Software Quality Assurance Analysts and Testers
nunjucks,Nunjucks,Web platform development software,false,false,O*NET Technology Skills 30.2,2,Web Developers; Web and Digital Interface Designers
o3spaces_workplace,O3spaces Workplace,Document management software,false,false,O*NET Technology Skills 30.2,1,Information Technology Project Managers
oberon,Oberon,Object or component oriented development software,false,false,O*NET Technology Skills 30.2,3,Computer Programmers; Software Developers; Software Quality Assurance Analysts and Testers
object_database_management_system_odbms,Object database management system ODBMS,Object oriented data base management software,false,false,O*NET Technology Skills 30.2,2,Database Administrators; Database Architects
object_management_group_object_request_broker,Object Management Group Object Request Broker,Transaction server software,false,false,O*NET Technology Skills 30.2,2,Software Developers; Software Quality Assurance Analysts and Testers
object_oriented_development_environment,Object oriented development environment,Object or component oriented development software,false,false,O*NET Technology Skills 30.2,1,Computer and Information Research Scientists
objective_c,Objective C,Object or component oriented development software,false,false,O*NET Technology Skills 30.2,14,Computer Programmers; Computer Systems Analysts; Computer Systems Engineers/Architects; Computer User Support Specialists; Computer and Information Systems Managers; Data Warehousing Specialists; Information Security Analysts; Information Technology Project Managers; Penetration Testers; Software Developers; Software Quality Assurance Analysts and Testers; Video Game Designers; Web Developers; Web and Digital Interface Designers
objective_caml,Objective Caml,Object or component oriented development software,false,false,O*NET Technology Skills 30.2,3,Computer Programmers; Software Developers; Software Quality Assurance Analysts and Testers
objective_decision_contactizer_pro,Objective Decision Contactizer Pro,Data base user interface and query software,false,false,O*NET Technology Skills 30.2,1,Information Technology Project Managers
officework_software_turboproject,OfficeWork Software TurboProject,Project management software,false,false,O*NET Technology Skills 30.2,1,Information Technology Project Managers
omni_group_omnigraffle,Omni Group OmniGraffle,Pattern design software,false,false,O*NET Technology Skills 30.2,1,Computer Systems Analysts
one_pass_compiler,One pass compiler,Compiler and decompiler software,false,false,O*NET Technology Skills 30.2,1,Computer Programmers
online_traffic_calculator,Online traffic calculator,Network monitoring software,false,false,O*NET Technology Skills 30.2,2,Computer Network Architects; Network and Computer Systems Administrators
open_dynamics_collabtive,Open Dynamics Collabtive,Project management software,false,false,O*NET Technology Skills 30.2,1,Information Technology Project Managers
open_graphics_library_opengl,Open Graphics Library OpenGL,Graphics or photo imaging software,false,false,O*NET Technology Skills 30.2,3,Computer and Information Research Scientists; Software Developers; Software Quality Assurance Analysts and Testers
open_shortest_path_first_ospf,Open Shortest Path First OSPF,Internet protocol IP multimedia subsystem software,false,false,O*NET Technology Skills 30.2,1,Computer Network Architects
open_source_routing_protocols_ospf,Open source routing protocols OSPF,Internet protocol IP multimedia subsystem software,false,false,O*NET Technology Skills 30.2,1,Network and Computer Systems Administrators
openai_chatgpt,OpenAI ChatGPT,Development environment software,false,false,O*NET Technology Skills 30.2,5,Computer Programmers; Computer Systems Analysts; Computer and Information Research Scientists; Data Scientists; Software Developers
opengl,OpenGL,Graphics or photo imaging software,false,false,O*NET Technology Skills 30.2,1,Video Game Designers
openmake_software_meister,OpenMake Software Meister,Development environment software,false,false,O*NET Technology Skills 30.2,1,Information Technology Project Managers
openmake_software_mojo,OpenMake Software Mojo,Development environment software,false,false,O*NET Technology Skills 30.2,1,Information Technology Project Managers
openservice_open_nervecenter,OpenService Open NerveCenter,Network security or virtual private network VPN management software,false,false,O*NET Technology Skills 30.2,1,Network and Computer Systems Administrators
opentext_livelink_ecm,OpenText Livelink ECM,Content workflow software,false,false,O*NET Technology Skills 30.2,1,Web Administrators
openvas,OpenVAS,Transaction security and virus protection software,false,false,O*NET Technology Skills 30.2,1,Digital Forensics Analysts
operating_system_monitoring,Operating system monitoring,Operating system software,false,false,O*NET Technology Skills 30.2,1,Computer User Support Specialists
operating_system_process_control,Operating system process control,Network operating system enhancement software,false,false,O*NET Technology Skills 30.2,1,Network and Computer Systems Administrators
operating_system_shells,Operating system shells,Operating system software,false,false,O*NET Technology Skills 30.2,2,Software Developers; Software Quality Assurance Analysts and Testers
operational_data_store_ods,Operational Data Store ODS,Data base user interface and query software,false,true,O*NET Technology Skills 30.2,1,Data Warehousing Specialists
opnet_apmxpert,OPNET APMXpert,Network operating system enhancement software,false,false,O*NET Technology Skills 30.2,1,Computer Network Architects
opnet_sp_sentinel,OPNET SP Sentinel,Network monitoring software,false,false,O*NET Technology Skills 30.2,1,Computer Network Support Specialists
optimization,Optimization,Analytical or scientific software,false,false,O*NET Technology Skills 30.2,1,Computer and Information Research Scientists
oracle_application_express_apex,Oracle Application Express APEX,Web platform development software,false,false,O*NET Technology Skills 30.2,2,Database Administrators; Database Architects
oracle_application_server,Oracle Application Server,Application server software,false,false,O*NET Technology Skills 30.2,5,Computer Systems Analysts; Database Architects; Software Developers; Software Quality Assurance Analysts and Testers; Web Administrators
oracle_business_intelligence_discoverer,Oracle Business Intelligence Discoverer,Data base reporting software,false,false,O*NET Technology Skills 30.2,3,Data Warehousing Specialists; Software Developers; Software Quality Assurance Analysts and Testers
oracle_business_intelligence_enterprise_edition,Oracle Business Intelligence Enterprise Edition,Business intelligence and data analysis software,false,false,O*NET Technology Skills 30.2,19,Business Intelligence Analysts; Computer Network Architects; Computer Programmers; Computer Systems Analysts; Computer Systems Engineers/Architects; Computer User Support Specialists; Computer and Information Research Scientists; Computer and Information Systems Managers; Data Warehousing Specialists; Database Administrators; Database Architects; Information Security Analysts; Information Technology Project Managers; Network and Computer Systems Administrators; Software Developers; Software Quality Assurance Analysts and Testers; Web Administrators; Web Developers; Web and Digital Interface Designers
oracle_business_intelligence_suite,Oracle Business Intelligence Suite,Data base reporting software,false,false,O*NET Technology Skills 30.2,3,Computer Systems Analysts; Software Developers; Software Quality Assurance Analysts and Testers
oracle_cloud,Oracle Cloud,Cloud-based management software,true,false,O*NET Technology Skills 30.2,4,Business Intelligence Analysts; Computer Systems Analysts; Computer Systems Engineers/Architects; Software Developers
oracle_data_guard,Oracle Data Guard,Backup or archival software,false,false,O*NET Technology Skills 30.2,2,Database Administrators; Database Architects
oracle_data_integrator,Oracle Data Integrator,Enterprise application integration software,false,false,O*NET Technology Skills 30.2,1,Database Architects
oracle_database,Oracle Database,Data base user interface and query software,true,true,O*NET Technology Skills 30.2,18,Business Intelligence Analysts; Computer Network Architects; Computer Programmers; Computer Systems Analysts; Computer Systems Engineers/Architects; Computer User Support Specialists; Computer and Information Research Scientists; Computer and Information Systems Managers; Data Warehousing Specialists; Database Administrators; Database Architects; Information Security Analysts; Information Technology Project Managers; Network and Computer Systems Administrators; Software Developers; Software Quality Assurance Analysts and Testers; Web Developers; Web and Digital Interface Designers
oracle_designer,Oracle Designer,Web platform development software,false,false,O*NET Technology Skills 30.2,2,Database Administrators; Database Architects
oracle_e_business_suite,Oracle E-Business Suite,Enterprise resource planning ERP software,false,false,O*NET Technology Skills 30.2,1,Computer and Information Systems Managers
oracle_e_business_suite_financials,Oracle E-Business Suite Financials,Financial analysis software,false,false,O*NET Technology Skills 30.2,14,Business Intelligence Analysts; Computer Network Architects; Computer Programmers; Computer Systems Analysts; Computer Systems Engineers/Architects; Computer User Support Specialists; Computer and Information Systems Managers; Data Warehousing Specialists; Database Administrators; Information Security Analysts; Information Technology Project Managers; Network and Computer Systems Administrators; Software Developers; Software Quality Assurance Analysts and Testers
oracle_eloqua,Oracle Eloqua,Customer relationship management CRM software,false,false,O*NET Technology Skills 30.2,11,Business Intelligence Analysts; Computer Systems Analysts; Computer Systems Engineers/Architects; Computer and Information Systems Managers; Database Administrators; Database Architects; Information Technology Project Managers; Software Developers; Software Quality Assurance Analysts and Testers; Web Developers; Web and Digital Interface Designers
oracle_enterprise_manager,Oracle Enterprise Manager,Data base management system software,false,false,O*NET Technology Skills 30.2,2,Database Administrators; Database Architects
oracle_enterprise_manager_cloud_control,Oracle Enterprise Manager Cloud Control,Data base management system software,false,false,O*NET Technology Skills 30.2,2,Database Administrators; Database Architects
oracle_essbase,Oracle Essbase,Data base user interface and query software,false,false,O*NET Technology Skills 30.2,1,Business Intelligence Analysts
oracle_fusion,Oracle Fusion,Enterprise resource planning ERP software,false,false,O*NET Technology Skills 30.2,18,Business Intelligence Analysts; Computer Network Architects; Computer Programmers; Computer Systems Analysts; Computer Systems Engineers/Architects; Computer User Support Specialists; Computer and Information Systems Managers; Data Warehousing Specialists; Database Administrators; Database Architects; Information Security Analysts; Information Technology Project Managers; Network and Computer Systems Administrators; Software Developers; Software Quality Assurance Analysts and Testers; Web Administrators; Web Developers; Web and Digital Interface Designers
oracle_fusion_middleware,Oracle Fusion Middleware,Enterprise application integration software,false,false,O*NET Technology Skills 30.2,16,Computer Network Architects; Computer Programmers; Computer Systems Analysts; Computer Systems Engineers/Architects; Computer User Support Specialists; Computer and Information Systems Managers; Database Administrators; Database Architects; Information Security Analysts; Information Technology Project Managers; Network and Computer Systems Administrators; Software Developers; Software Quality Assurance Analysts and Testers; Web Administrators; Web Developers; Web and Digital Interface Designers
oracle_golden_gate,Oracle Golden Gate,Data base management system software,false,false,O*NET Technology Skills 30.2,2,Database Administrators; Database Architects
oracle_hyperion,Oracle Hyperion,Enterprise resource planning ERP software,false,false,O*NET Technology Skills 30.2,15,Business Intelligence Analysts; Computer Programmers; Computer Systems Analysts; Computer Systems Engineers/Architects; Computer User Support Specialists; Computer and Information Systems Managers; Data Warehousing Specialists; Database Administrators; Database Architects; Information Security Analysts; Information Technology Project Managers; Network and Computer Systems Administrators; Software Developers; Software Quality Assurance Analysts and Testers; Web and Digital Interface Designers
oracle_iplanet_web_server,Oracle iPlanet Web Server,Portal server software,false,false,O*NET Technology Skills 30.2,1,Computer and Information Systems Managers
oracle_java_enterprise_edition_ee,Oracle Java Enterprise Edition EE,Development environment software,false,false,O*NET Technology Skills 30.2,1,Computer Network Architects
oracle_java_message_service_jms,Oracle Java Message Service JMS,Object or component oriented development software,false,false,O*NET Technology Skills 30.2,2,Blockchain Engineers; Software Developers
oracle_javaserver_pages_jsp,Oracle JavaServer Pages JSP,Web platform development software,false,false,O*NET Technology Skills 30.2,16,Business Intelligence Analysts; Computer Network Architects; Computer Programmers; Computer Systems Analysts; Computer Systems Engineers/Architects; Computer User Support Specialists; Database Administrators; Database Architects; Information Security Analysts; Information Technology Project Managers; Network and Computer Systems Administrators; Software Developers; Software Quality Assurance Analysts and Testers; Web Administrators; Web Developers; Web and Digital Interface Designers
oracle_jd_edwards_enterpriseone,Oracle JD Edwards EnterpriseOne,Enterprise resource planning ERP software,false,false,O*NET Technology Skills 30.2,16,Business Intelligence Analysts; Computer Programmers; Computer Systems Analysts; Computer Systems Engineers/Architects; Computer User Support Specialists; Computer and Information Systems Managers; Data Warehousing Specialists; Database Administrators; Database Architects; Information Security Analysts; Information Technology Project Managers; Network and Computer Systems Administrators; Software Developers; Software Quality Assurance Analysts and Testers; Web Developers; Web and Digital Interface Designers
oracle_jdbc,Oracle JDBC,Data base user interface and query software,false,false,O*NET Technology Skills 30.2,16,Business Intelligence Analysts; Computer Network Architects; Computer Programmers; Computer Systems Analysts; Computer Systems Engineers/Architects; Computer User Support Specialists; Database Administrators; Database Architects; Information Security Analysts; Information Technology Project Managers; Network and Computer Systems Administrators; Software Developers; Software Quality Assurance Analysts and Testers; Web Administrators; Web Developers; Web and Digital Interface Designers
oracle_jdeveloper,Oracle Jdeveloper,Development environment software,false,false,O*NET Technology Skills 30.2,1,Database Architects
oracle_learning_management,Oracle Learning Management,Human resources software,false,false,O*NET Technology Skills 30.2,1,Database Administrators
oracle_master_data_management_mdm_suite,Oracle Master Data Management MDM Suite,Metadata management software,false,false,O*NET Technology Skills 30.2,1,Computer Systems Analysts
oracle_migration_workbench,Oracle Migration Workbench,Data base management system software,false,false,O*NET Technology Skills 30.2,1,Database Architects
oracle_net_manager,Oracle Net Manager,Network monitoring software,false,false,O*NET Technology Skills 30.2,2,Information Security Analysts; Network and Computer Systems Administrators
oracle_peoplesoft,Oracle PeopleSoft,Enterprise resource planning ERP software,true,false,O*NET Technology Skills 30.2,15,Business Intelligence Analysts; Computer Programmers; Computer Systems Analysts; Computer Systems Engineers/Architects; Computer User Support Specialists; Computer and Information Systems Managers; Data Warehousing Specialists; Database Administrators; Database Architects; Information Security Analysts; Information Technology Project Managers; Network and Computer Systems Administrators; Software Developers; Software Quality Assurance Analysts and Testers; Web and Digital Interface Designers
oracle_peoplesoft_financials,Oracle PeopleSoft Financials,Enterprise resource planning ERP software,false,false,O*NET Technology Skills 30.2,10,Business Intelligence Analysts; Computer Programmers; Computer Systems Analysts; Database Administrators; Database Architects; Information Security Analysts; Information Technology Project Managers; Network and Computer Systems Administrators; Software Developers; Software Quality Assurance Analysts and Testers
oracle_primavera,Oracle Primavera,Project management software,true,false,O*NET Technology Skills 30.2,13,Business Intelligence Analysts; Computer Systems Analysts; Computer Systems Engineers/Architects; Computer User Support Specialists; Computer and Information Systems Managers; Database Administrators; Database Architects; Information Technology Project Managers; Network and Computer Systems Administrators; Software Developers; Software Quality Assurance Analysts and Testers; Web Administrators; Web and Digital Interface Designers
oracle_primavera_p6_professional_project_management,Oracle Primavera P6 Professional Project Management,Project management software,false,false,O*NET Technology Skills 30.2,1,Information Technology Project Managers
oracle_real_application_cluster_rac,Oracle Real Application Cluster RAC,Clustering software,false,false,O*NET Technology Skills 30.2,2,Database Administrators; Database Architects
oracle_recovery_manager,Oracle Recovery Manager,Backup or archival software,false,false,O*NET Technology Skills 30.2,1,Database Architects
oracle_reports,Oracle Reports,Data base reporting software,false,false,O*NET Technology Skills 30.2,4,Database Administrators; Database Architects; Software Developers; Software Quality Assurance Analysts and Testers
oracle_siebel_marketing_resource_management,Oracle Siebel Marketing Resource Management,Customer relationship management CRM software,false,false,O*NET Technology Skills 30.2,1,Business Intelligence Analysts
oracle_siebel_server_sync,Oracle Siebel Server Sync,Customer relationship management CRM software,false,false,O*NET Technology Skills 30.2,1,Computer and Information Systems Managers
oracle_solaris,Oracle Solaris,Operating system software,false,false,O*NET Technology Skills 30.2,20,Business Intelligence Analysts; Computer Network Architects; Computer Network Support Specialists; Computer Programmers; Computer Systems Analysts; Computer Systems Engineers/Architects; Computer User Support Specialists; Computer and Information Research Scientists; Computer and Information Systems Managers; Data Warehousing Specialists; Database Administrators; Database Architects; Information Security Analysts; Information Technology Project Managers; Network and Computer Systems Administrators; Software Developers; Software Quality Assurance Analysts and Testers; Web Administrators; Web Developers; Web and Digital Interface Designers
oracle_sql_developer,Oracle SQL Developer,Development environment software,true,false,O*NET Technology Skills 30.2,5,Business Intelligence Analysts; Computer Systems Analysts; Database Administrators; Database Architects; Software Developers
oracle_sql_loader,Oracle SQL Loader,Data base reporting software,false,false,O*NET Technology Skills 30.2,3,Data Warehousing Specialists; Database Administrators; Database Architects
oracle_sql_plus,Oracle SQL Plus,Data base reporting software,false,false,O*NET Technology Skills 30.2,2,Database Administrators; Database Architects
oracle_taleo,Oracle Taleo,Human resources software,false,false,O*NET Technology Skills 30.2,7,Business Intelligence Analysts; Computer Systems Analysts; Computer Systems Engineers/Architects; Computer User Support Specialists; Database Administrators; Information Technology Project Managers; Network and Computer Systems Administrators
oracle_unified_directory,Oracle Unified Directory,Internet directory services software,false,false,O*NET Technology Skills 30.2,1,Information Security Engineers
oracle_warehouse_builder,Oracle Warehouse Builder,Metadata management software,false,false,O*NET Technology Skills 30.2,1,Data Warehousing Specialists
oracle_weblogic_server,Oracle WebLogic Server,Application server software,false,false,O*NET Technology Skills 30.2,18,Business Intelligence Analysts; Computer Network Architects; Computer Programmers; Computer Systems Analysts; Computer Systems Engineers/Architects; Computer User Support Specialists; Computer and Information Systems Managers; Data Warehousing Specialists; Database Administrators; Database Architects; Information Security Analysts; Information Technology Project Managers; Network and Computer Systems Administrators; Software Developers; Software Quality Assurance Analysts and Testers; Web Administrators; Web Developers; Web and Digital Interface Designers
orcad_capture,OrCAD Capture,Computer aided design CAD software,false,false,O*NET Technology Skills 30.2,1,Computer Systems Analysts
packet_analysis,Packet analysis,Network monitoring software,false,false,O*NET Technology Skills 30.2,1,Computer Network Architects
packet_analyzers,Packet analyzers,Network monitoring software,false,false,O*NET Technology Skills 30.2,1,Computer Network Support Specialists
packet_filter,Packet filter,Transaction security and virus protection software,false,false,O*NET Technology Skills 30.2,3,Computer Network Architects; Computer Network Support Specialists; Network and Computer Systems Administrators
packet_tracing,Packet tracing,Network monitoring software,false,false,O*NET Technology Skills 30.2,2,Computer Network Architects; Network and Computer Systems Administrators
palbridge_ubidesk,Palbridge Ubidesk,Project management software,false,false,O*NET Technology Skills 30.2,1,Information Technology Project Managers
palo_alto_networks_next_generation_security_platform,Palo Alto Networks Next-Generation Security Platform,Network security and virtual private network VPN equipment software,false,false,O*NET Technology Skills 30.2,1,Information Security Analysts
pandas,pandas,Data base user interface and query software,false,true,O*NET Technology Skills 30.2,2,Computer and Information Research Scientists; Data Scientists
panorama_novaview,Panorama NovaView,Data base reporting software,false,false,O*NET Technology Skills 30.2,1,Business Intelligence Analysts
paraccel_analytic_database,ParAccel Analytic Database,Data base management system software,false,false,O*NET Technology Skills 30.2,1,Data Warehousing Specialists
parallel_systems,Parallel systems,Clustering software,false,false,O*NET Technology Skills 30.2,1,Computer and Information Research Scientists
parentsquare,ParentSquare,Desktop communications software,false,false,O*NET Technology Skills 30.2,2,Computer User Support Specialists; Network and Computer Systems Administrators
partial_class_generator,Partial class generator,Compiler and decompiler software,false,false,O*NET Technology Skills 30.2,1,Computer Programmers
pascal,Pascal,Development environment software,false,false,O*NET Technology Skills 30.2,3,Computer Programmers; Software Developers; Software Quality Assurance Analysts and Testers
password_cracker,Password cracker,Transaction security and virus protection software,false,false,O*NET Technology Skills 30.2,1,Information Security Analysts
password_management,Password management,Authentication server software,false,false,O*NET Technology Skills 30.2,3,Computer User Support Specialists; Information Security Analysts; Network and Computer Systems Administrators
patch_and_update_management,Patch and update management,Configuration management software,false,false,O*NET Technology Skills 30.2,5,Computer Network Architects; Computer Network Support Specialists; Computer Systems Analysts; Information Security Analysts; Network and Computer Systems Administrators
patch_management,Patch management,Configuration management software,false,false,O*NET Technology Skills 30.2,3,Computer User Support Specialists; Software Developers; Software Quality Assurance Analysts and Testers
pegasus,Pegasus,Electronic mail software,false,false,O*NET Technology Skills 30.2,1,Computer and Information Systems Managers
penetration_testing,Penetration testing,Transaction security and virus protection software,false,false,O*NET Technology Skills 30.2,2,Computer Network Architects; Information Security Analysts
pentaho_kettle,Pentaho Kettle,Metadata management software,false,false,O*NET Technology Skills 30.2,3,Data Warehousing Specialists; Database Administrators; Database Architects
perforce,Perforce,Metadata management software,false,false,O*NET Technology Skills 30.2,1,Video Game Designers
perforce_helix,Perforce Helix,Configuration management software,false,false,O*NET Technology Skills 30.2,17,Computer Network Architects; Computer Programmers; Computer Systems Analysts; Computer Systems Engineers/Architects; Computer User Support Specialists; Computer and Information Systems Managers; Data Warehousing Specialists; Database Administrators; Database Architects; Information Security Analysts; Information Technology Project Managers; Network and Computer Systems Administrators; Software Developers; Software Quality Assurance Analysts and Testers; Video Game Designers; Web Developers; Web and Digital Interface Designers
perforce_software_configuration_management,Perforce Software Configuration Management,Configuration management software,false,false,O*NET Technology Skills 30.2,1,Computer and Information Research Scientists
performance_solutions_technology_managepro,Performance Solutions Technology ManagePro,Customer relationship management CRM software,false,false,O*NET Technology Skills 30.2,1,Computer and Information Systems Managers
perl,Perl,Object or component oriented development software,true,false,O*NET Technology Skills 30.2,26,Business Intelligence Analysts; Computer Network Architects; Computer Network Support Specialists; Computer Programmers; Computer Systems Analysts; Computer Systems Engineers/Architects; Computer User Support Specialists; Computer and Information Research Scientists; Computer and Information Systems Managers; Data Scientists; Data Warehousing Specialists; Database Administrators; Database Architects; Digital Forensics Analysts; Information Security Analysts; Information Security Engineers; Information Technology Project Managers; Network and Computer Systems Administrators; Penetration Testers; Software Developers; Software Quality Assurance Analysts and Testers; Telecommunications Engineering Specialists; Video Game Designers; Web Administrators; Web Developers; Web and Digital Interface Designers
perl_shell,Perl shell,Operating system software,false,false,O*NET Technology Skills 30.2,1,Database Architects
personal_computer_diagnostic,Personal computer diagnostic,Program testing software,false,false,O*NET Technology Skills 30.2,2,Computer Systems Analysts; Computer User Support Specialists
phantomjs,PhantomJS,Web platform development software,false,false,O*NET Technology Skills 30.2,2,Web Developers; Web and Digital Interface Designers
php,PHP,Web platform development software,true,true,O*NET Technology Skills 30.2,22,Business Intelligence Analysts; Computer Network Architects; Computer Programmers; Computer Systems Analysts; Computer Systems Engineers/Architects; Computer User Support Specialists; Computer and Information Research Scientists; Computer and Information Systems Managers; Database Administrators; Database Architects; Digital Forensics Analysts; Information Security Analysts; Information Security Engineers; Information Technology Project Managers; Network and Computer Systems Administrators; Penetration Testers; Software Developers; Software Quality Assurance Analysts and Testers; Video Game Designers; Web Administrators; Web Developers; Web and Digital Interface Designers
pilgrim_quality_solutions_smartsolve,Pilgrim Quality Solutions SmartSolve,Compliance software,false,false,O*NET Technology Skills 30.2,1,Computer and Information Systems Managers
ping_identity,Ping Identity,Transaction security and virus protection software,false,false,O*NET Technology Skills 30.2,4,Computer Network Architects; Computer Network Support Specialists; Information Security Analysts; Network and Computer Systems Administrators
pl_sql,PL/SQL,Data base management system software,true,true,O*NET Technology Skills 30.2,17,Business Intelligence Analysts; Computer Network Architects; Computer Programmers; Computer Systems Analysts; Computer Systems Engineers/Architects; Computer User Support Specialists; Computer and Information Systems Managers; Data Warehousing Specialists; Database Administrators; Database Architects; Information Security Analysts; Information Technology Project Managers; Network and Computer Systems Administrators; Software Developers; Software Quality Assurance Analysts and Testers; Web Developers; Web and Digital Interface Designers
planbox,Planbox,Project management software,false,false,O*NET Technology Skills 30.2,1,Information Technology Project Managers
planisware,Planisware,Data base user interface and query software,false,false,O*NET Technology Skills 30.2,1,Information Technology Project Managers
planview_process_builder,Planview Process Builder,Enterprise resource planning ERP software,false,false,O*NET Technology Skills 30.2,1,Information Technology Project Managers
platform_as_a_service_paas,Platform as a service PaaS,Cloud-based data access and sharing software,false,false,O*NET Technology Skills 30.2,3,Digital Forensics Analysts; Information Security Engineers; Software Developers
playwright,Playwright,Program testing software,false,true,O*NET Technology Skills 30.2,1,Software Quality Assurance Analysts and Testers
plug_in_file,Plug-in file,Web page creation and editing software,false,false,O*NET Technology Skills 30.2,1,Computer and Information Research Scientists
pm_ase_quickbuild,pm ase QuickBuild,Development environment software,false,false,O*NET Technology Skills 30.2,1,Information Technology Project Managers
polaris_parallelizing_compilers,Polaris parallelizing compilers,Compiler and decompiler software,false,false,O*NET Technology Skills 30.2,1,Computer and Information Research Scientists
polhemus_fasttrack,Polhemus Fasttrack,Analytical or scientific software,false,false,O*NET Technology Skills 30.2,1,Computer and Information Research Scientists
poll_everywhere,Poll Everywhere,Presentation software,false,false,O*NET Technology Skills 30.2,1,Computer User Support Specialists
popkin_system_architect,Popkin System Architect,Requirements analysis and system architecture software,false,false,O*NET Technology Skills 30.2,1,Computer Systems Analysts
port_scanners,Port scanners,Network monitoring software,false,false,O*NET Technology Skills 30.2,1,Computer Network Support Specialists
portswigger_burp_suite,Portswigger BurP Suite,Transaction security and virus protection software,false,true,O*NET Technology Skills 30.2,3,Digital Forensics Analysts; Information Security Analysts; Penetration Testers
postgresql,PostgreSQL,Object oriented data base management software,true,true,O*NET Technology Skills 30.2,21,Blockchain Engineers; Business Intelligence Analysts; Computer Network Architects; Computer Programmers; Computer Systems Analysts; Computer Systems Engineers/Architects; Computer User Support Specialists; Computer and Information Research Scientists; Computer and Information Systems Managers; Data Scientists; Data Warehousing Specialists; Database Administrators; Database Architects; Information Security Analysts; Information Technology Project Managers; Network and Computer Systems Administrators; Software Developers; Software Quality Assurance Analysts and Testers; Web Administrators; Web Developers; Web and Digital Interface Designers
postman,Postman,Operating system software,false,true,O*NET Technology Skills 30.2,1,Software Quality Assurance Analysts and Testers
powershell,PowerShell,Development environment software,true,true,O*NET Technology Skills 30.2,20,Business Intelligence Analysts; Computer Network Architects; Computer Network Support Specialists; Computer Programmers; Computer Systems Analysts; Computer Systems Engineers/Architects; Computer User Support Specialists; Database Administrators; Database Architects; Digital Forensics Analysts; Information Security Analysts; Information Security Engineers; Information Technology Project Managers; Network and Computer Systems Administrators; Penetration Testers; Software Developers; Software Quality Assurance Analysts and Testers; Telecommunications Engineering Specialists; Web Developers; Web and Digital Interface Designers
powersoft_powerbuilder,PowerSoft PowerBuilder,Object or component oriented development software,false,false,O*NET Technology Skills 30.2,1,Computer Programmers
program_checksumming,Program checksumming,Transaction security and virus protection software,false,false,O*NET Technology Skills 30.2,1,Information Security Analysts
programming_language_one_pl_i,Programming language one PL/I,Development environment software,false,false,O*NET Technology Skills 30.2,3,Computer Programmers; Software Developers; Software Quality Assurance Analysts and Testers
progress_openedge_abl,Progress OpenEdge ABL,Development environment software,false,false,O*NET Technology Skills 30.2,2,Computer Programmers; Computer and Information Systems Managers
progress_openedge_application_server,Progress OpenEdge Application Server,Application server software,false,false,O*NET Technology Skills 30.2,1,Computer and Information Systems Managers
progress_openedge_fathom_replication,Progress OpenEdge Fathom Replication,Data base management system software,false,false,O*NET Technology Skills 30.2,1,Computer and Information Systems Managers
progress_sonic_esb,Progress Sonic ESB,Enterprise application integration software,false,false,O*NET Technology Skills 30.2,2,Computer Programmers; Computer and Information Systems Managers
progress_webspeed_workshop,Progress WebSpeed Workshop,Web platform development software,false,false,O*NET Technology Skills 30.2,2,Computer Programmers; Computer and Information Systems Managers
project_manager_online_projectmanager_com,Project Manager Online ProjectManager.com,Project management software,false,false,O*NET Technology Skills 30.2,1,Information Technology Project Managers
project_net,Project.net,Enterprise resource planning ERP software,false,false,O*NET Technology Skills 30.2,1,Information Technology Project Managers
project_open,Project-Open,Project management software,false,false,O*NET Technology Skills 30.2,1,Information Technology Project Managers
project_planning,Project planning,Project management software,false,false,O*NET Technology Skills 30.2,1,Computer Network Support Specialists
project_portfolio_management_ppm,Project portfolio management PPM,Enterprise resource planning ERP software,false,false,O*NET Technology Skills 30.2,1,Information Technology Project Managers
project_scheduling,Project scheduling,Project management software,false,false,O*NET Technology Skills 30.2,1,Telecommunications Engineering Specialists
projectlibre,ProjectLibre,Project management software,false,false,O*NET Technology Skills 30.2,1,Information Technology Project Managers
projecturf,Projecturf,Project management software,false,false,O*NET Technology Skills 30.2,1,Information Technology Project Managers
prolog,Prolog,Development environment software,false,false,O*NET Technology Skills 30.2,6,Computer Programmers; Computer and Information Research Scientists; Database Administrators; Database Architects; Software Developers; Software Quality Assurance Analysts and Testers
prometheus,Prometheus,Data base user interface and query software,true,true,O*NET Technology Skills 30.2,3,Computer Systems Engineers/Architects; Computer and Information Research Scientists; Software Developers
ptc_creo_parametric,PTC Creo Parametric,Computer aided design CAD software,false,false,O*NET Technology Skills 30.2,3,Business Intelligence Analysts; Computer Systems Engineers/Architects; Computer and Information Research Scientists
puppet,Puppet,Configuration management software,true,false,O*NET Technology Skills 30.2,17,Computer Network Architects; Computer Programmers; Computer Systems Analysts; Computer Systems Engineers/Architects; Computer User Support Specialists; Computer and Information Research Scientists; Computer and Information Systems Managers; Database Administrators; Database Architects; Information Security Analysts; Information Security Engineers; Information Technology Project Managers; Network and Computer Systems Administrators; Software Developers; Software Quality Assurance Analysts and Testers; Web Developers; Web and Digital Interface Designers
putty,PuTTY,Access software,false,false,O*NET Technology Skills 30.2,2,Software Developers; Software Quality Assurance Analysts and Testers
pyspark,PySpark,Data base user interface and query software,false,true,O*NET Technology Skills 30.2,2,Data Scientists; Database Administrators
python,Python,Object or component oriented development software,true,true,O*NET Technology Skills 30.2,27,Blockchain Engineers; Business Intelligence Analysts; Computer Network Architects; Computer Network Support Specialists; Computer Programmers; Computer Systems Analysts; Computer Systems Engineers/Architects; Computer User Support Specialists; Computer and Information Research Scientists; Computer and Information Systems Managers; Data Scientists; Data Warehousing Specialists; Database Administrators; Database Architects; Digital Forensics Analysts; Information Security Analysts; Information Security Engineers; Information Technology Project Managers; Network and Computer Systems Administrators; Penetration Testers; Software Developers; Software Quality Assurance Analysts and Testers; Telecommunications Engineering Specialists; Video Game Designers; Web Administrators; Web Developers; Web and Digital Interface Designers
pytorch,PyTorch,Data base user interface and query software,true,true,O*NET Technology Skills 30.2,3,Computer and Information Research Scientists; Data Scientists; Software Developers
qlik_tech_qlikview,Qlik Tech QlikView,Business intelligence and data analysis software,false,false,O*NET Technology Skills 30.2,19,Business Intelligence Analysts; Computer Network Architects; Computer Programmers; Computer Systems Analysts; Computer Systems Engineers/Architects; Computer User Support Specialists; Computer and Information Research Scientists; Computer and Information Systems Managers; Data Scientists; Data Warehousing Specialists; Database Administrators; Database Architects; Information Security Analysts; Information Technology Project Managers; Network and Computer Systems Administrators; Software Developers; Software Quality Assurance Analysts and Testers; Web Developers; Web and Digital Interface Designers
qnx,QNX,Operating system software,false,false,O*NET Technology Skills 30.2,2,Software Developers; Software Quality Assurance Analysts and Testers
qsm_slim_suite,QSM SLIM Suite,Data base user interface and query software,false,false,O*NET Technology Skills 30.2,1,Information Technology Project Managers
qualcomm_eudora,QUALCOMM Eudora,Electronic mail software,false,false,O*NET Technology Skills 30.2,1,Computer and Information Systems Managers
qualys_cloud_platform,Qualys Cloud Platform,Cloud-based protection or security software,false,true,O*NET Technology Skills 30.2,2,Information Security Analysts; Penetration Testers
quest_bigbrother,Quest BigBrother,Network monitoring software,false,false,O*NET Technology Skills 30.2,2,Information Security Analysts; Network and Computer Systems Administrators
quest_central,Quest Central,Data base management system software,false,false,O*NET Technology Skills 30.2,2,Database Administrators; Database Architects
quest_erwin_data_modeler,Quest Erwin Data Modeler,Metadata management software,false,false,O*NET Technology Skills 30.2,17,Business Intelligence Analysts; Computer Network Architects; Computer Programmers; Computer Systems Analysts; Computer Systems Engineers/Architects; Computer User Support Specialists; Computer and Information Research Scientists; Computer and Information Systems Managers; Data Warehousing Specialists; Database Administrators; Database Architects; Information Technology Project Managers; Network and Computer Systems Administrators; Software Developers; Software Quality Assurance Analysts and Testers; Web Developers; Web and Digital Interface Designers
quest_foglight,Quest Foglight,Network monitoring software,false,false,O*NET Technology Skills 30.2,1,Network and Computer Systems Administrators
quest_shareplex,Quest SharePlex,Data base management system software,false,false,O*NET Technology Skills 30.2,2,Database Administrators; Database Architects
quest_sql_optimizer_for_oracle,Quest SQL Optimizer for Oracle,Development environment software,false,false,O*NET Technology Skills 30.2,1,Database Architects
quickbase_business_management,QuickBase business management,Data base user interface and query software,false,false,O*NET Technology Skills 30.2,1,Information Technology Project Managers
r,R,Object or component oriented development software,true,true,O*NET Technology Skills 30.2,17,Business Intelligence Analysts; Computer Programmers; Computer Systems Analysts; Computer Systems Engineers/Architects; Computer and Information Research Scientists; Computer and Information Systems Managers; Data Scientists; Data Warehousing Specialists; Database Administrators; Database Architects; Digital Forensics Analysts; Information Security Engineers; Information Technology Project Managers; Software Developers; Software Quality Assurance Analysts and Testers; Web Developers; Web and Digital Interface Designers
rabbitmq,RabbitMQ,Object or component oriented development software,false,false,O*NET Technology Skills 30.2,2,Blockchain Engineers; Software Developers
rapid7,Rapid7,Transaction security and virus protection software,false,false,O*NET Technology Skills 30.2,1,Penetration Testers
rapid7_nexpose,Rapid7 Nexpose,Transaction security and virus protection software,false,false,O*NET Technology Skills 30.2,2,Information Security Analysts; Penetration Testers
rapid_i_rapidminer,Rapid-I RapidMiner,Data mining software,false,false,O*NET Technology Skills 30.2,2,Data Warehousing Specialists; Database Architects
rapide,Rapide,Object or component oriented development software,false,false,O*NET Technology Skills 30.2,1,Computer Systems Analysts
react,React,Web platform development software,true,true,O*NET Technology Skills 30.2,11,Blockchain Engineers; Computer Programmers; Computer Systems Analysts; Computer Systems Engineers/Architects; Database Architects; Information Security Engineers; Information Technology Project Managers; Software Developers; Software Quality Assurance Analysts and Testers; Web Developers; Web and Digital Interface Designers
react_native,React Native,Web platform development software,false,false,O*NET Technology Skills 30.2,1,Software Developers
react_redux,React Redux,Web platform development software,false,false,O*NET Technology Skills 30.2,2,Software Developers; Web Developers
real_time_operating_system_rtos,Real time operating system RTOS,Operating system software,false,false,O*NET Technology Skills 30.2,2,Software Developers; Software Quality Assurance Analysts and Testers
recovery_testing,Recovery testing,Program testing software,false,false,O*NET Technology Skills 30.2,3,Computer Systems Analysts; Software Developers; Software Quality Assurance Analysts and Testers
recrystallize_crystal_reports,ReCrystallize Crystal Reports,Data base reporting software,false,false,O*NET Technology Skills 30.2,3,Computer Programmers; Database Administrators; Database Architects
red_hat_ansible_engine,Red Hat Ansible Engine,Configuration management software,false,false,O*NET Technology Skills 30.2,4,Database Administrators; Database Architects; Software Developers; Software Quality Assurance Analysts and Testers
red_hat_enterprise_linux,Red Hat Enterprise Linux,Operating system software,true,true,O*NET Technology Skills 30.2,20,Business Intelligence Analysts; Computer Network Architects; Computer Network Support Specialists; Computer Programmers; Computer Systems Analysts; Computer Systems Engineers/Architects; Computer User Support Specialists; Computer and Information Systems Managers; Data Warehousing Specialists; Database Administrators; Database Architects; Information Security Analysts; Information Security Engineers; Information Technology Project Managers; Network and Computer Systems Administrators; Software Developers; Software Quality Assurance Analysts and Testers; Web Administrators; Web Developers; Web and Digital Interface Designers
red_hat_openshift,Red Hat OpenShift,Application server software,true,false,O*NET Technology Skills 30.2,13,Computer Network Architects; Computer Programmers; Computer Systems Analysts; Computer Systems Engineers/Architects; Database Administrators; Database Architects; Information Security Analysts; Information Technology Project Managers; Network and Computer Systems Administrators; Software Developers; Software Quality Assurance Analysts and Testers; Web Developers; Web and Digital Interface Designers
red_hat_wildfly,Red Hat WildFly,Application server software,false,false,O*NET Technology Skills 30.2,17,Business Intelligence Analysts; Computer Network Architects; Computer Programmers; Computer Systems Analysts; Computer Systems Engineers/Architects; Computer User Support Specialists; Computer and Information Systems Managers; Database Administrators; Database Architects; Information Security Analysts; Information Technology Project Managers; Network and Computer Systems Administrators; Software Developers; Software Quality Assurance Analysts and Testers; Web Administrators; Web Developers; Web and Digital Interface Designers
redgate_sql_server,Redgate SQL Server,Administration software,false,false,O*NET Technology Skills 30.2,2,Database Administrators; Database Architects
redis,Redis,Data base management system software,true,false,O*NET Technology Skills 30.2,4,Computer Systems Engineers/Architects; Computer and Information Research Scientists; Software Developers; Web Developers
redmine,Redmine,Project management software,false,false,O*NET Technology Skills 30.2,1,Information Technology Project Managers
regmon,RegMon,Program testing software,false,false,O*NET Technology Skills 30.2,1,Software Quality Assurance Analysts and Testers
regression_testing,Regression testing,Program testing software,false,false,O*NET Technology Skills 30.2,3,Computer Systems Analysts; Software Developers; Software Quality Assurance Analysts and Testers
relational_database_management,Relational database management,Data base management system software,false,false,O*NET Technology Skills 30.2,18,Business Intelligence Analysts; Computer Network Architects; Computer Programmers; Computer Systems Analysts; Computer Systems Engineers/Architects; Computer User Support Specialists; Computer and Information Research Scientists; Computer and Information Systems Managers; Data Warehousing Specialists; Database Administrators; Database Architects; Information Security Analysts; Information Technology Project Managers; Network and Computer Systems Administrators; Software Developers; Software Quality Assurance Analysts and Testers; Web Developers; Web and Digital Interface Designers
relational_databases_rdbms,Relational databases (RDBMS),Data base management system software,false,true,O*NET Technology Skills 30.2,4,Computer and Information Research Scientists; Database Administrators; Database Architects; Web Developers
remote_access,Remote access,Access software,false,false,O*NET Technology Skills 30.2,1,Computer Network Architects
remote_authentication_dial_in_user_service_radius,Remote authentication dial-in user service RADIUS,Authentication server software,false,false,O*NET Technology Skills 30.2,1,Information Security Analysts
remote_control,Remote control,Desktop communications software,false,false,O*NET Technology Skills 30.2,3,Computer Network Support Specialists; Computer Systems Analysts; Computer User Support Specialists
remote_desktop_control,Remote desktop control,Access software,false,false,O*NET Technology Skills 30.2,1,Network and Computer Systems Administrators
remote_install_server,Remote install server,Network operation system software,false,false,O*NET Technology Skills 30.2,1,Computer User Support Specialists
remote_monitoring,Remote monitoring,Network monitoring software,false,false,O*NET Technology Skills 30.2,1,Network and Computer Systems Administrators
reporting,Reporting,Data base reporting software,false,false,O*NET Technology Skills 30.2,3,Business Intelligence Analysts; Data Scientists; Information Security Engineers
requirejs,RequireJS,Web platform development software,false,false,O*NET Technology Skills 30.2,2,Web Developers; Web and Digital Interface Designers
requirements_analysis,Requirements analysis,Requirements analysis and system architecture software,false,false,O*NET Technology Skills 30.2,1,Telecommunications Engineering Specialists
requirements_management,Requirements management,Requirements analysis and system architecture software,false,false,O*NET Technology Skills 30.2,5,Computer Network Architects; Computer Systems Analysts; Network and Computer Systems Administrators; Software Developers; Software Quality Assurance Analysts and Testers
resource_management,Resource management,Mobile location based services software,false,false,O*NET Technology Skills 30.2,1,Information Technology Project Managers
rest_assured,REST Assured,Program testing software,false,true,O*NET Technology Skills 30.2,1,Software Quality Assurance Analysts and Testers
restful_api,RESTful API,Web platform development software,false,true,O*NET Technology Skills 30.2,8,Blockchain Engineers; Data Scientists; Information Security Engineers; Penetration Testers; Software Developers; Software Quality Assurance Analysts and Testers; Web Administrators; Web Developers
restructured_extended_executor_rexx,Restructured extended executor REXX,Development environment software,false,false,O*NET Technology Skills 30.2,5,Computer Programmers; Database Administrators; Database Architects; Software Developers; Software Quality Assurance Analysts and Testers
retargetable_compiler,Retargetable compiler,Compiler and decompiler software,false,false,O*NET Technology Skills 30.2,1,Computer Programmers
revision_control,Revision control,Configuration management software,false,false,O*NET Technology Skills 30.2,2,Computer Programmers; Software Quality Assurance Analysts and Testers
rice_simulator_for_ilp_multiprocessors_rsim,Rice Simulator for ILP Multiprocessors RSIM,Analytical or scientific software,false,false,O*NET Technology Skills 30.2,1,Computer and Information Research Scientists
risk_assessment,Risk assessment,Network security or virtual private network VPN management software,false,false,O*NET Technology Skills 30.2,1,Computer Network Architects
riverbed_technology,Riverbed Technology,Administration software,false,false,O*NET Technology Skills 30.2,1,Computer Network Architects
rogue_wave_software_imsl_numerical_libraries,Rogue Wave Software IMSL Numerical Libraries,Analytical or scientific software,false,false,O*NET Technology Skills 30.2,1,Business Intelligence Analysts
root_cause_analysis,Root cause analysis,Analytical or scientific software,false,false,O*NET Technology Skills 30.2,2,Computer Network Architects; Network and Computer Systems Administrators
root_kit_detection,Root kit detection,Transaction security and virus protection software,false,false,O*NET Technology Skills 30.2,3,Computer Network Support Specialists; Information Security Analysts; Network and Computer Systems Administrators
route,Route,Network monitoring software,false,false,O*NET Technology Skills 30.2,1,Computer Network Support Specialists
router,Router,Switch or router software,false,false,O*NET Technology Skills 30.2,1,Web Administrators
roxio_retrospect,Roxio Retrospect,Backup or archival software,false,false,O*NET Technology Skills 30.2,1,Computer Network Support Specialists
ruby,Ruby,Development environment software,true,false,O*NET Technology Skills 30.2,21,Business Intelligence Analysts; Computer Network Architects; Computer Network Support Specialists; Computer Programmers; Computer Systems Analysts; Computer Systems Engineers/Architects; Computer User Support Specialists; Computer and Information Research Scientists; Data Scientists; Database Administrators; Database Architects; Digital Forensics Analysts; Information Security Analysts; Information Security Engineers; Information Technology Project Managers; Network and Computer Systems Administrators; Penetration Testers; Software Developers; Software Quality Assurance Analysts and Testers; Web Developers; Web and Digital Interface Designers
ruby_on_rails,Ruby on Rails,Web platform development software,false,false,O*NET Technology Skills 30.2,18,Business Intelligence Analysts; Computer Network Architects; Computer Programmers; Computer Systems Analysts; Computer Systems Engineers/Architects; Computer User Support Specialists; Computer and Information Systems Managers; Data Warehousing Specialists; Database Administrators; Database Architects; Information Security Analysts; Information Technology Project Managers; Network and Computer Systems Administrators; Software Developers; Software Quality Assurance Analysts and Testers; Video Game Designers; Web Developers; Web and Digital Interface Designers
rust_programming_language,Rust programming language,Development environment software,false,true,O*NET Technology Skills 30.2,2,Blockchain Engineers; Penetration Testers
safe_software_fme,Safe Software FME,Analytical or scientific software,false,false,O*NET Technology Skills 30.2,2,Database Administrators; Database Architects
sage_50_accounting,Sage 50 Accounting,Accounting software,false,false,O*NET Technology Skills 30.2,1,Computer User Support Specialists
salesforce,Salesforce,Customer relationship management CRM software,true,true,O*NET Technology Skills 30.2,12,Business Intelligence Analysts; Computer Systems Analysts; Computer Systems Engineers/Architects; Computer User Support Specialists; Database Administrators; Database Architects; Information Security Analysts; Information Technology Project Managers; Software Developers; Software Quality Assurance Analysts and Testers; Web Developers; Web and Digital Interface Designers
salesforce_marketing_cloud,Salesforce Marketing Cloud,Web page creation and editing software,false,false,O*NET Technology Skills 30.2,1,Web Administrators
salesforce_visualforce,Salesforce Visualforce,Graphical user interface development software,false,false,O*NET Technology Skills 30.2,11,Business Intelligence Analysts; Computer Programmers; Computer Systems Analysts; Computer Systems Engineers/Architects; Computer User Support Specialists; Database Administrators; Information Technology Project Managers; Software Developers; Software Quality Assurance Analysts and Testers; Web Developers; Web and Digital Interface Designers
samba,Samba,Filesystem software,false,false,O*NET Technology Skills 30.2,1,Computer and Information Systems Managers
sand,SAND,Data base management system software,false,false,O*NET Technology Skills 30.2,1,Data Warehousing Specialists
sap,SAP,Enterprise resource planning ERP software,true,true,O*NET Technology Skills 30.2,17,Business Intelligence Analysts; Computer Network Architects; Computer Programmers; Computer Systems Analysts; Computer Systems Engineers/Architects; Computer User Support Specialists; Computer and Information Systems Managers; Data Warehousing Specialists; Database Administrators; Database Architects; Information Security Analysts; Information Technology Project Managers; Network and Computer Systems Administrators; Software Developers; Software Quality Assurance Analysts and Testers; Web Developers; Web and Digital Interface Designers
sap_adaptive_server_enterprise,SAP Adaptive Server Enterprise,Data base management system software,false,false,O*NET Technology Skills 30.2,7,Computer Programmers; Computer Systems Analysts; Data Warehousing Specialists; Database Administrators; Database Architects; Software Developers; Software Quality Assurance Analysts and Testers
sap_business_intelligence,SAP Business Intelligence,Data base reporting software,false,false,O*NET Technology Skills 30.2,2,Software Developers; Software Quality Assurance Analysts and Testers
sap_business_objects,SAP Business Objects,Enterprise resource planning ERP software,false,false,O*NET Technology Skills 30.2,16,Business Intelligence Analysts; Computer Programmers; Computer Systems Analysts; Computer Systems Engineers/Architects; Computer User Support Specialists; Computer and Information Research Scientists; Computer and Information Systems Managers; Data Warehousing Specialists; Database Administrators; Database Architects; Information Technology Project Managers; Network and Computer Systems Administrators; Software Developers; Software Quality Assurance Analysts and Testers; Web Developers; Web and Digital Interface Designers
sap_businessobjects_data_integrator,SAP BusinessObjects Data Integrator,Enterprise application integration software,false,false,O*NET Technology Skills 30.2,2,Business Intelligence Analysts; Computer Programmers
sap_businessobjects_desktop_intelligence,SAP BusinessObjects Desktop Intelligence,Data base user interface and query software,false,false,O*NET Technology Skills 30.2,1,Computer Systems Analysts
sap_crystal_reports,SAP Crystal Reports,Data base reporting software,false,false,O*NET Technology Skills 30.2,16,Business Intelligence Analysts; Computer Programmers; Computer Systems Analysts; Computer Systems Engineers/Architects; Computer User Support Specialists; Computer and Information Systems Managers; Data Warehousing Specialists; Database Administrators; Database Architects; Information Security Analysts; Information Technology Project Managers; Network and Computer Systems Administrators; Software Developers; Software Quality Assurance Analysts and Testers; Web Developers; Web and Digital Interface Designers
sap_erp,SAP ERP,Enterprise resource planning ERP software,true,false,O*NET Technology Skills 30.2,4,Business Intelligence Analysts; Computer Systems Analysts; Information Technology Project Managers; Software Developers
sap_iq,SAP IQ,Data base management system software,false,false,O*NET Technology Skills 30.2,1,Data Warehousing Specialists
sap_master_data_management_mdm,SAP Master Data Management MDM,Metadata management software,false,false,O*NET Technology Skills 30.2,1,Computer Systems Analysts
sap_netweaver,SAP NetWeaver,Enterprise application integration software,false,false,O*NET Technology Skills 30.2,3,Computer Systems Analysts; Software Developers; Software Quality Assurance Analysts and Testers
sap_netweaver_bw,SAP NetWeaver BW,Enterprise application integration software,false,false,O*NET Technology Skills 30.2,4,Business Intelligence Analysts; Computer Programmers; Computer Systems Analysts; Data Warehousing Specialists
sap_powerbuilder,SAP PowerBuilder,Object or component oriented development software,false,false,O*NET Technology Skills 30.2,4,Database Administrators; Database Architects; Software Developers; Software Quality Assurance Analysts and Testers
sap_powerdesigner,SAP PowerDesigner,Metadata management software,false,false,O*NET Technology Skills 30.2,2,Data Warehousing Specialists; Database Architects
sap_replication_server,SAP Replication Server,Data base management system software,false,false,O*NET Technology Skills 30.2,2,Database Administrators; Database Architects
sas,SAS,Analytical or scientific software,true,true,O*NET Technology Skills 30.2,19,Business Intelligence Analysts; Computer Programmers; Computer Systems Analysts; Computer Systems Engineers/Architects; Computer User Support Specialists; Computer and Information Research Scientists; Computer and Information Systems Managers; Data Scientists; Data Warehousing Specialists; Database Administrators; Database Architects; Information Security Analysts; Information Technology Project Managers; Network and Computer Systems Administrators; Software Developers; Software Quality Assurance Analysts and Testers; Web Administrators; Web Developers; Web and Digital Interface Designers
sas_data_integration_server,SAS Data Integration Server,Metadata management software,false,false,O*NET Technology Skills 30.2,1,Data Warehousing Specialists
sas_data_integration_studio,SAS Data Integration Studio,Enterprise application integration software,false,false,O*NET Technology Skills 30.2,1,Database Architects
scala,Scala,Object or component oriented development software,true,true,O*NET Technology Skills 30.2,16,Business Intelligence Analysts; Computer Network Architects; Computer Programmers; Computer Systems Analysts; Computer Systems Engineers/Architects; Computer and Information Research Scientists; Data Scientists; Data Warehousing Specialists; Database Administrators; Database Architects; Information Security Analysts; Information Technology Project Managers; Software Developers; Software Quality Assurance Analysts and Testers; Web Developers; Web and Digital Interface Designers
scheduling,Scheduling,Calendar and scheduling software,false,false,O*NET Technology Skills 30.2,1,Information Technology Project Managers
scheme,Scheme,Development environment software,false,false,O*NET Technology Skills 30.2,4,Computer Programmers; Software Developers; Software Quality Assurance Analysts and Testers; Video Game Designers
schoology,Schoology,Computer based training software,false,false,O*NET Technology Skills 30.2,1,Computer User Support Specialists
sciforma,Sciforma,Project management software,false,false,O*NET Technology Skills 30.2,1,Information Technology Project Managers
scikit_learn,Scikit-learn,Development environment software,false,true,O*NET Technology Skills 30.2,2,Computer and Information Research Scientists; Data Scientists
scipy,SciPy,Object or component oriented development software,false,false,O*NET Technology Skills 30.2,1,Data Scientists
screencast_o_matic,Screencast-O-Matic,Video creation and editing software,false,false,O*NET Technology Skills 30.2,3,Information Technology Project Managers; Web Developers; Web and Digital Interface Designers
screencastify,Screencastify,Video creation and editing software,false,false,O*NET Technology Skills 30.2,4,Software Developers; Software Quality Assurance Analysts and Testers; Web Developers; Web and Digital Interface Designers
scriptella,Scriptella,Metadata management software,false,false,O*NET Technology Skills 30.2,2,Data Warehousing Specialists; Database Architects
secure_internet_filtering,Secure internet filtering,Transaction security and virus protection software,false,false,O*NET Technology Skills 30.2,1,Information Security Analysts
secure_shell_ssh,Secure shell SSH,Desktop communications software,false,false,O*NET Technology Skills 30.2,2,Information Security Analysts; Network and Computer Systems Administrators
security_assertion_markup_language_saml,Security assertion markup language SAML,Web platform development software,false,false,O*NET Technology Skills 30.2,3,Digital Forensics Analysts; Information Security Engineers; Penetration Testers
security_incident_management,Security incident management,Network security or virtual private network VPN management software,false,false,O*NET Technology Skills 30.2,4,Computer Network Architects; Computer Network Support Specialists; Information Security Analysts; Network and Computer Systems Administrators
security_risk_assessment,Security risk assessment,Transaction security and virus protection software,false,false,O*NET Technology Skills 30.2,1,Information Security Analysts
security_testing,Security testing,Program testing software,false,false,O*NET Technology Skills 30.2,3,Computer Systems Analysts; Software Developers; Software Quality Assurance Analysts and Testers
seesaw,Seesaw,Multi-media educational software,false,false,O*NET Technology Skills 30.2,1,Computer User Support Specialists
segue_silkperformer,Segue SilkPerformer,Program testing software,false,false,O*NET Technology Skills 30.2,1,Computer Network Architects
selenium,Selenium,Program testing software,true,true,O*NET Technology Skills 30.2,12,Computer Network Architects; Computer Programmers; Computer Systems Analysts; Computer Systems Engineers/Architects; Database Administrators; Database Architects; Information Security Analysts; Information Technology Project Managers; Software Developers; Software Quality Assurance Analysts and Testers; Web Developers; Web and Digital Interface Designers
sentryone_sql_sentry,SentryOne SQL Sentry,Data base management system software,false,false,O*NET Technology Skills 30.2,2,Database Administrators; Database Architects
servicenow,ServiceNow,Data base user interface and query software,true,true,O*NET Technology Skills 30.2,10,Computer Network Support Specialists; Computer Systems Analysts; Computer Systems Engineers/Architects; Computer User Support Specialists; Digital Forensics Analysts; Information Security Engineers; Information Technology Project Managers; Network and Computer Systems Administrators; Penetration Testers; Software Developers
session_initiation_protocol_sip,Session Initiation Protocol SIP,Internet protocol IP multimedia subsystem software,false,false,O*NET Technology Skills 30.2,1,Computer Network Architects
sharedplan_software_sharedplan_pro,SharedPlan Software SharedPlan Pro,Project management software,false,false,O*NET Technology Skills 30.2,1,Information Technology Project Managers
shell_script,Shell script,Operating system software,true,true,O*NET Technology Skills 30.2,24,Business Intelligence Analysts; Computer Network Architects; Computer Network Support Specialists; Computer Programmers; Computer Systems Analysts; Computer Systems Engineers/Architects; Computer User Support Specialists; Computer and Information Research Scientists; Computer and Information Systems Managers; Data Scientists; Data Warehousing Specialists; Database Administrators; Database Architects; Information Security Analysts; Information Security Engineers; Information Technology Project Managers; Network and Computer Systems Administrators; Penetration Testers; Software Developers; Software Quality Assurance Analysts and Testers; Telecommunications Engineering Specialists; Web Administrators; Web Developers; Web and Digital Interface Designers
shiny,Shiny,Object or component oriented development software,false,false,O*NET Technology Skills 30.2,1,Data Scientists
siemens_teamcenter,Siemens Teamcenter,Project management software,false,false,O*NET Technology Skills 30.2,1,Information Technology Project Managers
silver_peak,Silver Peak,Network operating system enhancement software,false,false,O*NET Technology Skills 30.2,1,Computer Network Architects
simple_api_for_xml_sax,Simple API for XML SAX,Object or component oriented development software,false,false,O*NET Technology Skills 30.2,2,Software Developers; Software Quality Assurance Analysts and Testers
simple_directmedia_layer_sdl,Simple DirectMedia Layer SDL,Development environment software,false,false,O*NET Technology Skills 30.2,1,Video Game Designers
simple_mail_transfer_protocol_smtp,Simple mail transfer protocol SMTP,Operating system software,false,false,O*NET Technology Skills 30.2,1,Computer Network Architects
simple_network_management_protocol_snmp,Simple network management protocol SNMP,Administration software,false,false,O*NET Technology Skills 30.2,2,Computer Network Architects; Network and Computer Systems Administrators
simulation,Simulation,Analytical or scientific software,false,false,O*NET Technology Skills 30.2,1,Computer and Information Research Scientists
simulation_program_with_integrated_circuit_emphasis_spice,Simulation program with integrated circuit emphasis SPICE,Analytical or scientific software,false,false,O*NET Technology Skills 30.2,3,Computer Programmers; Software Developers; Software Quality Assurance Analysts and Testers
single_sign_on_sso,Single sign-on SSO,Authentication server software,false,true,O*NET Technology Skills 30.2,3,Digital Forensics Analysts; Information Security Engineers; Software Developers
sisense_prism,SiSense Prism,Data base reporting software,false,false,O*NET Technology Skills 30.2,1,Business Intelligence Analysts
sitecore_cms,Sitecore CMS,Content workflow software,false,false,O*NET Technology Skills 30.2,2,Web Developers; Web and Digital Interface Designers
sitemaster_sitesmart,SiteMaster SiteSmart,Data base user interface and query software,false,false,O*NET Technology Skills 30.2,1,Telecommunications Engineering Specialists
skype,Skype,Desktop communications software,false,false,O*NET Technology Skills 30.2,12,Business Intelligence Analysts; Computer Systems Analysts; Computer Systems Engineers/Architects; Computer User Support Specialists; Database Administrators; Database Architects; Information Technology Project Managers; Network and Computer Systems Administrators; Software Developers; Software Quality Assurance Analysts and Testers; Web Developers; Web and Digital Interface Designers
slack,Slack,Cloud-based data access and sharing software,true,false,O*NET Technology Skills 30.2,9,Computer Systems Analysts; Computer Systems Engineers/Architects; Computer User Support Specialists; Digital Forensics Analysts; Information Technology Project Managers; Software Developers; Software Quality Assurance Analysts and Testers; Web Developers; Web and Digital Interface Designers
slido_interaction,Slido interaction,Network conferencing software,false,false,O*NET Technology Skills 30.2,1,Computer Systems Analysts
smalltalk,Smalltalk,Object or component oriented development software,false,false,O*NET Technology Skills 30.2,5,Computer Programmers; Computer Systems Analysts; Computer Systems Engineers/Architects; Software Developers; Software Quality Assurance Analysts and Testers
smart_card_management,Smart card management,Point of sale POS software,false,false,O*NET Technology Skills 30.2,1,Information Security Analysts
smartbear_software_automated_build_studio,SmartBear Software Automated Build Studio,Development environment software,false,false,O*NET Technology Skills 30.2,1,Information Technology Project Managers
smartbear_software_automatedqa_testcomplete,SmartBear Software AutomatedQA TestComplete,Program testing software,false,false,O*NET Technology Skills 30.2,1,Software Quality Assurance Analysts and Testers
smartsheet,Smartsheet,Project management software,false,false,O*NET Technology Skills 30.2,1,Information Technology Project Managers
smsi_twister_data_integrator,SMSi Twister Data Integrator,Enterprise application integration software,false,false,O*NET Technology Skills 30.2,2,Data Warehousing Specialists; Database Architects
smugmug_flickr,SmugMug Flickr,Graphics or photo imaging software,false,false,O*NET Technology Skills 30.2,5,Computer User Support Specialists; Software Developers; Software Quality Assurance Analysts and Testers; Web Developers; Web and Digital Interface Designers
sniffer_investigator,Sniffer Investigator,Network monitoring software,false,false,O*NET Technology Skills 30.2,1,Information Security Analysts
snort,Snort,Network monitoring software,false,false,O*NET Technology Skills 30.2,8,Computer Network Architects; Computer Programmers; Computer Systems Analysts; Computer Systems Engineers/Architects; Digital Forensics Analysts; Information Security Analysts; Information Security Engineers; Network and Computer Systems Administrators
snowflake,Snowflake,Data mining software,true,true,O*NET Technology Skills 30.2,6,Business Intelligence Analysts; Computer and Information Research Scientists; Data Scientists; Database Administrators; Database Architects; Software Developers
social_media_sites,Social media sites,Web page creation and editing software,false,false,O*NET Technology Skills 30.2,4,Software Developers; Software Quality Assurance Analysts and Testers; Web Developers; Web and Digital Interface Designers
software_as_a_service_saas,Software as a service SaaS,Cloud-based data access and sharing software,false,false,O*NET Technology Skills 30.2,3,Blockchain Engineers; Computer Systems Engineers/Architects; Computer and Information Systems Managers
software_asset_management_sam,Software asset management SAM,Data base user interface and query software,false,false,O*NET Technology Skills 30.2,2,Computer Systems Analysts; Computer User Support Specialists
software_development,Software development,Development environment software,false,true,O*NET Technology Skills 30.2,3,Penetration Testers; Software Developers; Web Administrators
software_distribution,Software distribution,Configuration management software,false,false,O*NET Technology Skills 30.2,2,Computer Network Architects; Computer Systems Analysts
software_distribution_management,Software distribution management,Administration software,false,false,O*NET Technology Skills 30.2,2,Software Developers; Software Quality Assurance Analysts and Testers
software_libraries,Software libraries,Development environment software,false,false,O*NET Technology Skills 30.2,5,Blockchain Engineers; Computer and Information Research Scientists; Information Security Engineers; Penetration Testers; Software Developers
solarwinds,SolarWinds,Cloud-based protection or security software,false,false,O*NET Technology Skills 30.2,7,Computer Network Architects; Computer Network Support Specialists; Computer User Support Specialists; Computer and Information Systems Managers; Database Administrators; Database Architects; Network and Computer Systems Administrators
solidity,Solidity,Development environment software,false,true,O*NET Technology Skills 30.2,1,Blockchain Engineers
sonarqube,SonarQube,Program testing software,false,false,O*NET Technology Skills 30.2,1,Software Developers
sonicwall_sonicos_enhanced,Sonicwall SonicOS Enhanced,Network security or virtual private network VPN management software,false,false,O*NET Technology Skills 30.2,1,Computer Network Support Specialists
sony_sound_forge,Sony Sound Forge,Music or sound editing software,false,false,O*NET Technology Skills 30.2,1,Web Administrators
sorenson_media_sorenson_squeeze,Sorenson Media Sorenson Squeeze,Video creation and editing software,false,false,O*NET Technology Skills 30.2,1,Web Administrators
sound_development,Sound development,Video creation and editing software,false,false,O*NET Technology Skills 30.2,1,Video Game Designers
source_code_editor,Source code editor,Program testing software,false,false,O*NET Technology Skills 30.2,4,Blockchain Engineers; Computer Programmers; Software Developers; Software Quality Assurance Analysts and Testers
source_code_management_scm,Source code management SCM,Development environment software,false,false,O*NET Technology Skills 30.2,1,Computer and Information Research Scientists
source_code_migration,Source code migration,Development environment software,false,false,O*NET Technology Skills 30.2,1,Computer Programmers
spacy,spaCy,Object or component oriented development software,false,false,O*NET Technology Skills 30.2,1,Data Scientists
spark,Spark,Business intelligence and data analysis software,true,true,O*NET Technology Skills 30.2,17,Business Intelligence Analysts; Computer Network Architects; Computer Programmers; Computer Systems Analysts; Computer Systems Engineers/Architects; Computer and Information Research Scientists; Data Scientists; Data Warehousing Specialists; Database Administrators; Database Architects; Information Security Analysts; Information Technology Project Managers; Network and Computer Systems Administrators; Software Developers; Software Quality Assurance Analysts and Testers; Web Developers; Web and Digital Interface Designers
spectraquest,SpectraQuest,Computer aided design CAD software,false,false,O*NET Technology Skills 30.2,1,Computer Systems Analysts
splunk,Splunk,Cloud-based management software,true,true,O*NET Technology Skills 30.2,24,Blockchain Engineers; Business Intelligence Analysts; Computer Network Architects; Computer Network Support Specialists; Computer Programmers; Computer Systems Analysts; Computer Systems Engineers/Architects; Computer User Support Specialists; Computer and Information Research Scientists; Computer and Information Systems Managers; Data Scientists; Data Warehousing Specialists; Database Administrators; Database Architects; Digital Forensics Analysts; Information Security Analysts; Information Security Engineers; Information Technology Project Managers; Network and Computer Systems Administrators; Penetration Testers; Software Developers; Software Quality Assurance Analysts and Testers; Web Developers; Web and Digital Interface Designers
spring_boot,Spring Boot,Application server software,true,true,O*NET Technology Skills 30.2,13,Blockchain Engineers; Computer Network Architects; Computer Programmers; Computer Systems Analysts; Computer Systems Engineers/Architects; Computer User Support Specialists; Database Administrators; Database Architects; Information Technology Project Managers; Software Developers; Software Quality Assurance Analysts and Testers; Web Developers; Web and Digital Interface Designers
spring_framework,Spring Framework,Web platform development software,true,true,O*NET Technology Skills 30.2,15,Blockchain Engineers; Computer Network Architects; Computer Programmers; Computer Systems Analysts; Computer Systems Engineers/Architects; Computer User Support Specialists; Computer and Information Systems Managers; Database Administrators; Database Architects; Information Security Analysts; Information Technology Project Managers; Software Developers; Software Quality Assurance Analysts and Testers; Web Developers; Web and Digital Interface Designers
sql,SQL,Data base user interface and query software,true,true,O*NET Technology Skills 30.2,27,Blockchain Engineers; Business Intelligence Analysts; Computer Network Architects; Computer Network Support Specialists; Computer Programmers; Computer Systems Analysts; Computer Systems Engineers/Architects; Computer User Support Specialists; Computer and Information Research Scientists; Computer and Information Systems Managers; Data Scientists; Data Warehousing Specialists; Database Administrators; Database Architects; Digital Forensics Analysts; Information Security Analysts; Information Security Engineers; Information Technology Project Managers; Network and Computer Systems Administrators; Penetration Testers; Software Developers; Software Quality Assurance Analysts and Testers; Telecommunications Engineering Specialists; Video Game Designers; Web Administrators; Web Developers; Web and Digital Interface Designers
ssis,SSIS,Enterprise application integration software,true,true,O*NET Technology Skills 30.2,16,Business Intelligence Analysts; Computer Programmers; Computer Systems Analysts; Computer Systems Engineers/Architects; Computer User Support Specialists; Data Warehousing Specialists; Database Administrators; Database Architects; Information Security Analysts; Information Security Engineers; Information Technology Project Managers; Network and Computer Systems Administrators; Software Developers; Software Quality Assurance Analysts and Testers; Web Developers; Web and Digital Interface Designers
ssrs,SSRS,Object or component oriented development software,true,false,O*NET Technology Skills 30.2,18,Business Intelligence Analysts; Computer Network Architects; Computer Programmers; Computer Systems Analysts; Computer Systems Engineers/Architects; Computer User Support Specialists; Computer and Information Systems Managers; Data Warehousing Specialists; Database Administrators; Database Architects; Information Security Analysts; Information Security Engineers; Information Technology Project Managers; Network and Computer Systems Administrators; Software Developers; Software Quality Assurance Analysts and Testers; Web Developers; Web and Digital Interface Designers
stac_software_reachout,Stac Software ReachOut,Desktop communications software,false,false,O*NET Technology Skills 30.2,2,Computer Systems Analysts; Computer User Support Specialists
stack_smashing_protection_ssp,Stack smashing protection SSP,Transaction security and virus protection software,false,false,O*NET Technology Skills 30.2,1,Information Security Analysts
standpipe_studios_vertabase,Standpipe Studios Vertabase,Project management software,false,false,O*NET Technology Skills 30.2,1,Information Technology Project Managers
statacorp_stata,StataCorp Stata,Analytical or scientific software,false,false,O*NET Technology Skills 30.2,15,Business Intelligence Analysts; Computer Programmers; Computer Systems Analysts; Computer Systems Engineers/Architects; Computer User Support Specialists; Computer and Information Research Scientists; Computer and Information Systems Managers; Data Scientists; Data Warehousing Specialists; Database Administrators; Database Architects; Information Technology Project Managers; Network and Computer Systems Administrators; Software Developers; Software Quality Assurance Analysts and Testers
static_analysis,Static analysis,Program testing software,false,false,O*NET Technology Skills 30.2,3,Computer Systems Analysts; Software Developers; Software Quality Assurance Analysts and Testers
statistical,Statistical,Analytical or scientific software,false,false,O*NET Technology Skills 30.2,1,Data Scientists
storage_area_network_san,Storage area network SAN,Storage networking software,false,false,O*NET Technology Skills 30.2,9,Computer Network Architects; Computer Network Support Specialists; Computer Systems Engineers/Architects; Database Administrators; Database Architects; Network and Computer Systems Administrators; Software Developers; Software Quality Assurance Analysts and Testers; Web Administrators
storage_management,Storage management,Storage networking software,false,false,O*NET Technology Skills 30.2,3,Computer Network Architects; Database Administrators; Database Architects
stress_testing,Stress testing,Program testing software,false,false,O*NET Technology Skills 30.2,3,Computer Systems Analysts; Software Developers; Software Quality Assurance Analysts and Testers
string_oriented_symbolic_language_snobol,String oriented symbolic language SNOBOL,Development environment software,false,false,O*NET Technology Skills 30.2,3,Computer Programmers; Software Developers; Software Quality Assurance Analysts and Testers
structure_prediction,Structure prediction,Analytical or scientific software,false,false,O*NET Technology Skills 30.2,1,Computer Systems Analysts
structured_query_report_sqr,Structured Query Report SQR,Data base management system software,false,false,O*NET Technology Skills 30.2,3,Computer Programmers; Software Developers; Software Quality Assurance Analysts and Testers
stylite_egroupware,Stylite eGroupWare,Project management software,false,false,O*NET Technology Skills 30.2,1,Information Technology Project Managers
sun_microsystems_java_persistence_api,Sun Microsystems Java Persistence API,Object or component oriented development software,false,false,O*NET Technology Skills 30.2,1,Software Developers
sun_microsystems_java_servlet_api,Sun Microsystems Java Servlet API,Object or component oriented development software,false,false,O*NET Technology Skills 30.2,1,Web Administrators
sun_microsystems_sun_one,Sun Microsystems Sun ONE,Transaction server software,false,false,O*NET Technology Skills 30.2,1,Computer Systems Analysts
supervisory_control_and_data_acquisition_scada,Supervisory control and data acquisition SCADA,Industrial control software,false,false,O*NET Technology Skills 30.2,11,Computer Network Architects; Computer Programmers; Computer Systems Analysts; Computer Systems Engineers/Architects; Computer User Support Specialists; Database Administrators; Information Security Analysts; Information Technology Project Managers; Network and Computer Systems Administrators; Software Quality Assurance Analysts and Testers; Telecommunications Engineering Specialists
swift,Swift,Object or component oriented development software,true,false,O*NET Technology Skills 30.2,15,Business Intelligence Analysts; Computer Network Architects; Computer Programmers; Computer Systems Analysts; Computer Systems Engineers/Architects; Computer User Support Specialists; Database Administrators; Database Architects; Information Security Analysts; Information Technology Project Managers; Network and Computer Systems Administrators; Software Developers; Software Quality Assurance Analysts and Testers; Web Developers; Web and Digital Interface Designers
switch,Switch,Switch or router software,false,false,O*NET Technology Skills 30.2,1,Web Administrators
symantec_blue_coat_data_loss_prevention,Symantec Blue Coat Data Loss Prevention,Network monitoring software,false,false,O*NET Technology Skills 30.2,1,Information Security Analysts
symantec_endpoint_protection,Symantec Endpoint Protection,Transaction security and virus protection software,false,false,O*NET Technology Skills 30.2,1,Information Security Analysts
symantec_ghost_solution_suite,Symantec Ghost Solution Suite,Computer imaging software,false,false,O*NET Technology Skills 30.2,1,Network and Computer Systems Administrators
symantec_intruder_alert,Symantec Intruder Alert,Network monitoring software,false,false,O*NET Technology Skills 30.2,1,Computer Network Architects
symantec_livestate,Symantec LiveState,Backup or archival software,false,false,O*NET Technology Skills 30.2,1,Computer User Support Specialists
symantec_norton_utilities,Symantec Norton Utilities,Filesystem software,false,false,O*NET Technology Skills 30.2,1,Computer User Support Specialists
symantec_pcanywhere,Symantec pcAnywhere,Desktop communications software,false,false,O*NET Technology Skills 30.2,3,Computer Network Support Specialists; Computer Systems Analysts; Computer User Support Specialists
symantec_veritas_file,Symantec Veritas File,Filesystem software,false,false,O*NET Technology Skills 30.2,1,Computer and Information Systems Managers
symantec_veritas_netbackup,Symantec Veritas NetBackup,Backup or archival software,false,false,O*NET Technology Skills 30.2,1,Computer Network Support Specialists
symantec_veritas_volume_manager,Symantec Veritas Volume Manager,Filesystem software,false,false,O*NET Technology Skills 30.2,1,Computer and Information Systems Managers
symantec_visual_cafe,Symantec Visual Cafe,Development environment software,false,false,O*NET Technology Skills 30.2,4,Computer Programmers; Computer Systems Analysts; Software Developers; Software Quality Assurance Analysts and Testers
symark_powerbroker,Symark PowerBroker,Access software,false,false,O*NET Technology Skills 30.2,1,Computer Systems Engineers/Architects
symbolic_debugger,Symbolic debugger,Program testing software,false,false,O*NET Technology Skills 30.2,1,Computer Programmers
syntactically_awesome_style_sheets_sass,Syntactically awesome style sheets SASS,Web platform development software,false,false,O*NET Technology Skills 30.2,1,Web Developers
system_and_data_disaster_recovery,System and data disaster recovery,Backup or archival software,false,false,O*NET Technology Skills 30.2,4,Computer Network Architects; Computer Systems Analysts; Information Security Analysts; Network and Computer Systems Administrators
system_testing,System testing,Program testing software,false,false,O*NET Technology Skills 30.2,8,Computer Network Architects; Computer Systems Analysts; Computer and Information Research Scientists; Digital Forensics Analysts; Information Security Analysts; Penetration Testers; Software Developers; Software Quality Assurance Analysts and Testers
systems_and_application_deployment_and_migration,Systems and application deployment and migration,Configuration management software,false,false,O*NET Technology Skills 30.2,1,Computer Systems Analysts
systems_and_applications_migration,Systems and applications migration,Development environment software,false,false,O*NET Technology Skills 30.2,2,Computer Network Architects; Network and Computer Systems Administrators
systems_and_data_disaster_recovery,Systems and data disaster recovery,Backup or archival software,false,false,O*NET Technology Skills 30.2,2,Database Administrators; Database Architects
systems_integration,Systems integration,Enterprise application integration software,false,false,O*NET Technology Skills 30.2,1,Network and Computer Systems Administrators
tableau,Tableau,Business intelligence and data analysis software,true,true,O*NET Technology Skills 30.2,19,Business Intelligence Analysts; Computer Network Architects; Computer Programmers; Computer Systems Analysts; Computer Systems Engineers/Architects; Computer User Support Specialists; Computer and Information Research Scientists; Computer and Information Systems Managers; Data Scientists; Data Warehousing Specialists; Database Administrators; Database Architects; Information Security Analysts; Information Technology Project Managers; Network and Computer Systems Administrators; Software Developers; Software Quality Assurance Analysts and Testers; Web Developers; Web and Digital Interface Designers
talend_big_data_integration,Talend Big Data Integration,Data base management system software,false,false,O*NET Technology Skills 30.2,4,Data Warehousing Specialists; Database Architects; Software Developers; Software Quality Assurance Analysts and Testers
talend_data_fabric,Talend Data Fabric,Metadata management software,false,false,O*NET Technology Skills 30.2,4,Data Warehousing Specialists; Database Architects; Software Developers; Software Quality Assurance Analysts and Testers
talend_open_studio,Talend Open Studio,Enterprise application integration software,false,false,O*NET Technology Skills 30.2,2,Data Warehousing Specialists; Database Architects
talendforge,TalendForge,Data base management system software,false,false,O*NET Technology Skills 30.2,1,Data Warehousing Specialists
tanium,Tanium,Enterprise system management software,false,false,O*NET Technology Skills 30.2,1,Information Security Engineers
tape_backup_system,Tape backup system,Backup or archival software,false,false,O*NET Technology Skills 30.2,1,Computer Network Support Specialists
taskjuggler,TaskJuggler,Project management software,false,false,O*NET Technology Skills 30.2,1,Information Technology Project Managers
tax,Tax,Accounting software,false,false,O*NET Technology Skills 30.2,7,Business Intelligence Analysts; Computer Programmers; Computer Systems Analysts; Computer User Support Specialists; Computer and Information Systems Managers; Information Technology Project Managers; Software Quality Assurance Analysts and Testers
tcpdump,Tcpdump,Network monitoring software,false,false,O*NET Technology Skills 30.2,5,Computer Network Architects; Computer Network Support Specialists; Information Security Analysts; Information Security Engineers; Network and Computer Systems Administrators
team_foundation_server,Team Foundation Server,Project management software,true,false,O*NET Technology Skills 30.2,4,Computer Systems Analysts; Information Technology Project Managers; Software Developers; Software Quality Assurance Analysts and Testers
teamdynamixhe,TeamDynamixHE,Project management software,false,false,O*NET Technology Skills 30.2,1,Information Technology Project Managers
telnet_programs,Telnet programs,Network connectivity terminal emulation software,false,false,O*NET Technology Skills 30.2,1,Computer and Information Systems Managers
tenrox_project_workforce_management,Tenrox Project Workforce Management,Project management software,false,false,O*NET Technology Skills 30.2,1,Information Technology Project Managers
tensorflow,TensorFlow,Analytical or scientific software,true,true,O*NET Technology Skills 30.2,3,Computer and Information Research Scientists; Data Scientists; Software Developers
teradata_active_enterprise_data_warehouse,Teradata Active Enterprise Data Warehouse,Data base user interface and query software,false,false,O*NET Technology Skills 30.2,2,Database Administrators; Database Architects
teradata_bteq,Teradata BTEQ,Data base user interface and query software,false,false,O*NET Technology Skills 30.2,1,Data Warehousing Specialists
teradata_database,Teradata Database,Data base management system software,true,false,O*NET Technology Skills 30.2,20,Business Intelligence Analysts; Computer Network Architects; Computer Network Support Specialists; Computer Programmers; Computer Systems Analysts; Computer Systems Engineers/Architects; Computer User Support Specialists; Computer and Information Research Scientists; Computer and Information Systems Managers; Data Scientists; Data Warehousing Specialists; Database Administrators; Database Architects; Information Security Analysts; Information Technology Project Managers; Network and Computer Systems Administrators; Software Developers; Software Quality Assurance Analysts and Testers; Web Developers; Web and Digital Interface Designers
teradata_fastexport,Teradata FastExport,Document management software,false,false,O*NET Technology Skills 30.2,1,Data Warehousing Specialists
teradata_fastload,Teradata FastLoad,Data mining software,false,false,O*NET Technology Skills 30.2,1,Data Warehousing Specialists
teradata_parallel_transporter,Teradata Parallel Transporter,Data mining software,false,false,O*NET Technology Skills 30.2,1,Data Warehousing Specialists
teradata_tpump,Teradata Tpump,Data mining software,false,false,O*NET Technology Skills 30.2,1,Data Warehousing Specialists
terraform,Terraform,Configuration management software,true,true,O*NET Technology Skills 30.2,9,Blockchain Engineers; Computer Network Architects; Computer Systems Engineers/Architects; Computer and Information Research Scientists; Database Administrators; Digital Forensics Analysts; Information Security Engineers; Penetration Testers; Software Developers
test_data_generator,Test data generator,Analytical or scientific software,false,false,O*NET Technology Skills 30.2,2,Database Administrators; Database Architects
test_design,Test design,Program testing software,false,false,O*NET Technology Skills 30.2,3,Computer Systems Analysts; Software Developers; Software Quality Assurance Analysts and Testers
test_implementation,Test implementation,Program testing software,false,false,O*NET Technology Skills 30.2,3,Computer Systems Analysts; Software Developers; Software Quality Assurance Analysts and Testers
testng,TestNG,Program testing software,false,true,O*NET Technology Skills 30.2,1,Software Quality Assurance Analysts and Testers
the_omni_group_omniplan,The Omni Group OmniPlan,Project management software,false,false,O*NET Technology Skills 30.2,1,Information Technology Project Managers
thoughtworks_studio_mingle,ThoughtWorks Studio Mingle,Project management software,false,false,O*NET Technology Skills 30.2,1,Information Technology Project Managers
threaded_code_compiler,Threaded code compiler,Compiler and decompiler software,false,false,O*NET Technology Skills 30.2,1,Computer Programmers
tibco_spotfire,TIBCO Spotfire,Business intelligence and data analysis software,false,false,O*NET Technology Skills 30.2,1,Data Warehousing Specialists
ticket_information_tracking,Ticket information tracking,Helpdesk or call center software,false,false,O*NET Technology Skills 30.2,1,Computer Network Architects
tier_generator,Tier generator,Development environment software,false,false,O*NET Technology Skills 30.2,1,Computer Programmers
tigris_cabie,Tigris Cabie,Development environment software,false,false,O*NET Technology Skills 30.2,1,Information Technology Project Managers
time_reporting,Time reporting,Time accounting software,false,false,O*NET Technology Skills 30.2,1,Computer Network Architects
time_sharing_option_tso,Time sharing option TSO,Compiler and decompiler software,false,false,O*NET Technology Skills 30.2,1,Computer Systems Analysts
tksoftware_rcm,TKSoftware RCM,Graphical user interface development software,false,false,O*NET Technology Skills 30.2,2,Computer and Information Systems Managers; Network and Computer Systems Administrators
toadsoft_toad,ToadSoft Toad,Development environment software,false,false,O*NET Technology Skills 30.2,1,Computer Systems Engineers/Architects
tool_command_language_tcl,Tool command language Tcl,Development environment software,false,false,O*NET Technology Skills 30.2,1,Web Administrators
traceroute,Traceroute,Network monitoring software,false,false,O*NET Technology Skills 30.2,1,Computer Network Support Specialists
traffic_shapers,Traffic shapers,Network operating system enhancement software,false,false,O*NET Technology Skills 30.2,1,Computer Network Support Specialists
transact_sql,Transact-SQL,Data base user interface and query software,true,true,O*NET Technology Skills 30.2,16,Business Intelligence Analysts; Computer Network Architects; Computer Programmers; Computer Systems Analysts; Computer Systems Engineers/Architects; Computer User Support Specialists; Computer and Information Research Scientists; Data Warehousing Specialists; Database Administrators; Database Architects; Information Technology Project Managers; Network and Computer Systems Administrators; Software Developers; Software Quality Assurance Analysts and Testers; Web Developers; Web and Digital Interface Designers
transparent_interconnection_of_lots_of_links_trill,Transparent Interconnection of Lots of Links TRILL,Switch or router software,false,false,O*NET Technology Skills 30.2,1,Computer Network Architects
travis,Travis,Program testing software,false,false,O*NET Technology Skills 30.2,2,Web Developers; Web and Digital Interface Designers
trend_micro_tippingpoint,Trend Micro TippingPoint,Network security and virtual private network VPN equipment software,false,false,O*NET Technology Skills 30.2,1,Information Security Analysts
trimble_sketchup_pro,Trimble SketchUp Pro,Graphics or photo imaging software,true,false,O*NET Technology Skills 30.2,8,Computer Network Architects; Computer Systems Engineers/Architects; Computer User Support Specialists; Information Technology Project Managers; Software Developers; Software Quality Assurance Analysts and Testers; Web Developers; Web and Digital Interface Designers
twiki,Twiki,Content workflow software,false,false,O*NET Technology Skills 30.2,1,Software Quality Assurance Analysts and Testers
typescript,TypeScript,Object or component oriented development software,true,true,O*NET Technology Skills 30.2,6,Blockchain Engineers; Computer Systems Engineers/Architects; Software Developers; Video Game Designers; Web Developers; Web and Digital Interface Designers
ubuntu,Ubuntu,Operating system software,false,false,O*NET Technology Skills 30.2,19,Business Intelligence Analysts; Computer Network Architects; Computer Network Support Specialists; Computer Programmers; Computer Systems Analysts; Computer Systems Engineers/Architects; Computer User Support Specialists; Computer and Information Research Scientists; Data Warehousing Specialists; Database Administrators; Database Architects; Information Security Analysts; Information Security Engineers; Information Technology Project Managers; Network and Computer Systems Administrators; Software Developers; Software Quality Assurance Analysts and Testers; Web Developers; Web and Digital Interface Designers
unawave,Unawave,Project management software,false,false,O*NET Technology Skills 30.2,1,Information Technology Project Managers
unified_modeling_language_uml,Unified modeling language UML,Requirements analysis and system architecture software,false,false,O*NET Technology Skills 30.2,17,Business Intelligence Analysts; Computer Network Architects; Computer Programmers; Computer Systems Analysts; Computer Systems Engineers/Architects; Computer User Support Specialists; Computer and Information Research Scientists; Computer and Information Systems Managers; Data Warehousing Specialists; Database Administrators; Database Architects; Information Security Analysts; Information Technology Project Managers; Software Developers; Software Quality Assurance Analysts and Testers; Web Developers; Web and Digital Interface Designers
unit_testing,Unit testing,Program testing software,false,false,O*NET Technology Skills 30.2,3,Computer Systems Analysts; Software Developers; Software Quality Assurance Analysts and Testers
unity_technologies_unity,Unity Technologies Unity,Development environment software,false,true,O*NET Technology Skills 30.2,1,Video Game Designers
unix,UNIX,Operating system software,true,true,O*NET Technology Skills 30.2,25,Business Intelligence Analysts; Computer Network Architects; Computer Network Support Specialists; Computer Programmers; Computer Systems Analysts; Computer Systems Engineers/Architects; Computer User Support Specialists; Computer and Information Research Scientists; Computer and Information Systems Managers; Data Scientists; Data Warehousing Specialists; Database Administrators; Database Architects; Digital Forensics Analysts; Information Security Analysts; Information Security Engineers; Information Technology Project Managers; Network and Computer Systems Administrators; Penetration Testers; Software Developers; Software Quality Assurance Analysts and Testers; Telecommunications Engineering Specialists; Web Administrators; Web Developers; Web and Digital Interface Designers
unix_shell,UNIX Shell,Operating system software,true,false,O*NET Technology Skills 30.2,19,Business Intelligence Analysts; Computer Network Architects; Computer Network Support Specialists; Computer Programmers; Computer Systems Analysts; Computer Systems Engineers/Architects; Computer User Support Specialists; Computer and Information Research Scientists; Data Warehousing Specialists; Database Administrators; Database Architects; Information Security Analysts; Information Security Engineers; Information Technology Project Managers; Network and Computer Systems Administrators; Software Developers; Software Quality Assurance Analysts and Testers; Web Developers; Web and Digital Interface Designers
unreal_engine,Unreal Engine,Development environment software,false,true,O*NET Technology Skills 30.2,1,Video Game Designers
usability_testing,Usability testing,Program testing software,false,false,O*NET Technology Skills 30.2,3,Computer Systems Analysts; Software Developers; Software Quality Assurance Analysts and Testers
userzoom,UserZoom,Program testing software,false,false,O*NET Technology Skills 30.2,1,Web and Digital Interface Designers
vba,VBA,Development environment software,true,false,O*NET Technology Skills 30.2,15,Business Intelligence Analysts; Computer Programmers; Computer Systems Analysts; Computer Systems Engineers/Architects; Computer User Support Specialists; Computer and Information Research Scientists; Database Administrators; Database Architects; Information Security Analysts; Information Technology Project Managers; Network and Computer Systems Administrators; Software Developers; Software Quality Assurance Analysts and Testers; Web Developers; Web and Digital Interface Designers
vbscript,VBScript,Development environment software,false,false,O*NET Technology Skills 30.2,22,Business Intelligence Analysts; Computer Network Architects; Computer Network Support Specialists; Computer Programmers; Computer Systems Analysts; Computer Systems Engineers/Architects; Computer User Support Specialists; Computer and Information Research Scientists; Computer and Information Systems Managers; Data Warehousing Specialists; Database Administrators; Database Architects; Information Security Analysts; Information Technology Project Managers; Network and Computer Systems Administrators; Penetration Testers; Software Developers; Software Quality Assurance Analysts and Testers; Telecommunications Engineering Specialists; Web Administrators; Web Developers; Web and Digital Interface Designers
vector_35_binary_ninja,Vector 35 Binary Ninja,Compiler and decompiler software,false,false,O*NET Technology Skills 30.2,1,Penetration Testers
vector_database,Vector database,Data base management system software,false,true,O*NET Technology Skills 30.2,1,Computer and Information Research Scientists
verilog,Verilog,Development environment software,false,false,O*NET Technology Skills 30.2,7,Computer Network Architects; Computer Programmers; Computer Systems Analysts; Computer Systems Engineers/Architects; Computer and Information Research Scientists; Software Developers; Software Quality Assurance Analysts and Testers
veritas_netbackup,Veritas NetBackup,Backup or archival software,false,false,O*NET Technology Skills 30.2,16,Business Intelligence Analysts; Computer Network Architects; Computer Network Support Specialists; Computer Programmers; Computer Systems Analysts; Computer Systems Engineers/Architects; Computer User Support Specialists; Computer and Information Systems Managers; Data Warehousing Specialists; Database Administrators; Database Architects; Information Security Analysts; Information Technology Project Managers; Network and Computer Systems Administrators; Software Developers; Software Quality Assurance Analysts and Testers
version_control,Version control,File versioning software,false,false,O*NET Technology Skills 30.2,4,Computer Systems Analysts; Information Technology Project Managers; Software Developers; Software Quality Assurance Analysts and Testers
video_editing,Video editing,Video creation and editing software,false,false,O*NET Technology Skills 30.2,1,Computer and Information Research Scientists
videoconferencing,Videoconferencing,Video conferencing software,false,false,O*NET Technology Skills 30.2,1,Computer Network Architects
vignette_content_management,Vignette Content Management,Content workflow software,false,false,O*NET Technology Skills 30.2,1,Web Administrators
vignette_portal,Vignette Portal,Portal server software,false,false,O*NET Technology Skills 30.2,1,Web Administrators
virage_vs_archive,Virage VS Archive,Document management software,false,false,O*NET Technology Skills 30.2,1,Computer Programmers
virtual_battlespace_2_vbs2,Virtual Battlespace 2 VBS2,Analytical or scientific software,false,false,O*NET Technology Skills 30.2,1,Video Game Designers
virtual_local_area_network_management,Virtual local area network management,Network security or virtual private network VPN management software,false,false,O*NET Technology Skills 30.2,2,Computer Network Architects; Network and Computer Systems Administrators
virtual_network_computing_vnc,Virtual network computing VNC,Platform interconnectivity software,false,false,O*NET Technology Skills 30.2,1,Network and Computer Systems Administrators
virtual_private_networking_vpn,Virtual private networking VPN,Network security and virtual private network VPN equipment software,false,false,O*NET Technology Skills 30.2,16,Business Intelligence Analysts; Computer Network Architects; Computer Network Support Specialists; Computer Programmers; Computer Systems Analysts; Computer Systems Engineers/Architects; Computer User Support Specialists; Computer and Information Systems Managers; Database Administrators; Database Architects; Information Security Analysts; Information Technology Project Managers; Network and Computer Systems Administrators; Software Developers; Software Quality Assurance Analysts and Testers; Telecommunications Engineering Specialists
virtual_router_redundancy_protocol_vrrp,Virtual Router Redundancy Protocol VRRP,Switch or router software,false,false,O*NET Technology Skills 30.2,1,Computer Network Architects
virus_scanning,Virus scanning,Transaction security and virus protection software,false,false,O*NET Technology Skills 30.2,4,Computer Network Architects; Computer Systems Analysts; Computer User Support Specialists; Information Security Analysts
visible_razor,Visible Razor,Configuration management software,false,false,O*NET Technology Skills 30.2,2,Software Developers; Software Quality Assurance Analysts and Testers
visual_paradigm_db_visual_architect,Visual Paradigm DB Visual ARCHITECT,Process mapping and design software,false,false,O*NET Technology Skills 30.2,2,Database Administrators; Database Architects
vitria_m3o_operational_intelligence,Vitria M3O Operational Intelligence,Enterprise resource planning ERP software,false,false,O*NET Technology Skills 30.2,1,Information Technology Project Managers
vme_powerpc_vxworks,VME PowerPC VxWorks,Operating system software,false,false,O*NET Technology Skills 30.2,1,Computer and Information Research Scientists
vmware,VMware,Clustering software,false,false,O*NET Technology Skills 30.2,15,Computer Network Architects; Computer Network Support Specialists; Computer Programmers; Computer Systems Analysts; Computer Systems Engineers/Architects; Computer User Support Specialists; Computer and Information Systems Managers; Data Warehousing Specialists; Database Administrators; Database Architects; Information Security Analysts; Information Technology Project Managers; Network and Computer Systems Administrators; Software Developers; Software Quality Assurance Analysts and Testers
vmware_esx_server,VMWare ESX Server,Application server software,false,false,O*NET Technology Skills 30.2,3,Computer Systems Engineers/Architects; Software Quality Assurance Analysts and Testers; Web Administrators
vmware_workstation,VMWare Workstation,Operating system software,false,false,O*NET Technology Skills 30.2,1,Software Quality Assurance Analysts and Testers
voice_over_internet_protocol_voip_system,Voice over internet protocol VoIP system,Internet protocol IP multimedia subsystem software,false,false,O*NET Technology Skills 30.2,11,Computer Network Architects; Computer Network Support Specialists; Computer Systems Analysts; Computer Systems Engineers/Architects; Computer User Support Specialists; Information Security Analysts; Information Technology Project Managers; Network and Computer Systems Administrators; Software Developers; Software Quality Assurance Analysts and Testers; Telecommunications Engineering Specialists
vsconline_vpmi,VSCOnline VPMi,Project management software,false,false,O*NET Technology Skills 30.2,1,Information Technology Project Managers
vue_js,Vue.js,Web platform development software,true,true,O*NET Technology Skills 30.2,3,Software Developers; Web Developers; Web and Digital Interface Designers
vulkan_graphics_api,Vulkan Graphics API,Video creation and editing software,false,false,O*NET Technology Skills 30.2,1,Video Game Designers
waikato_environment_for_knowledge_analysis_weka,Waikato Environment for Knowledge Analysis Weka,Graphical user interface development software,false,false,O*NET Technology Skills 30.2,1,Computer and Information Research Scientists
watir,Watir,Program testing software,false,false,O*NET Technology Skills 30.2,1,Software Quality Assurance Analysts and Testers
wbs_goplan,WBS Goplan,Project management software,false,false,O*NET Technology Skills 30.2,1,Information Technology Project Managers
web2project,web2project,Project management software,false,false,O*NET Technology Skills 30.2,1,Information Technology Project Managers
web_application_framework,Web application framework,Web platform development software,false,true,O*NET Technology Skills 30.2,1,Web Administrators
web_application_frameworks,Web application frameworks,Development environment software,false,true,O*NET Technology Skills 30.2,6,Information Security Engineers; Penetration Testers; Software Developers; Software Quality Assurance Analysts and Testers; Web Administrators; Web Developers
web_browser,Web browser,Internet browser software,false,false,O*NET Technology Skills 30.2,4,Computer Network Architects; Computer Systems Engineers/Architects; Software Quality Assurance Analysts and Testers; Telecommunications Engineering Specialists
web_content_management_system_cms,Web content management system CMS,Web page creation and editing software,false,false,O*NET Technology Skills 30.2,2,Web Administrators; Web Developers
web_design,Web design,Web page creation and editing software,false,false,O*NET Technology Skills 30.2,1,Telecommunications Engineering Specialists
web_framework,Web framework,Web platform development software,false,false,O*NET Technology Skills 30.2,1,Blockchain Engineers
web_server,Web server,Transaction server software,false,true,O*NET Technology Skills 30.2,6,Computer Systems Analysts; Digital Forensics Analysts; Penetration Testers; Software Developers; Software Quality Assurance Analysts and Testers; Web Administrators
web_service_definition_language_wdsl,Web service definition language WDSL,Development environment software,false,false,O*NET Technology Skills 30.2,3,Computer Programmers; Software Developers; Software Quality Assurance Analysts and Testers
webfocus,WebFOCUS,Enterprise application integration software,false,false,O*NET Technology Skills 30.2,1,Computer Systems Analysts
webpack,webpack,Web platform development software,false,false,O*NET Technology Skills 30.2,1,Web Developers
websense_data_loss_prevention,Websense Data Loss Prevention,Network security or virtual private network VPN management software,false,false,O*NET Technology Skills 30.2,2,Computer Network Architects; Information Security Analysts
webtrends_analytics,WebTrends Analytics,Analytical or scientific software,false,false,O*NET Technology Skills 30.2,1,Web Administrators
wevideo,WeVideo,Video creation and editing software,false,false,O*NET Technology Skills 30.2,1,Web and Digital Interface Designers
wide_area_network_wan,Wide area network WAN,WAN switching software and firmware,false,false,O*NET Technology Skills 30.2,2,Computer Network Architects; Computer Systems Engineers/Architects
wide_area_network_wan_optimization,Wide area network WAN optimization,Network operating system enhancement software,false,false,O*NET Technology Skills 30.2,1,Computer Network Architects
wildpackets_omnipeek_network_analyzer,WildPackets OmniPeek Network Analyzer,Network monitoring software,false,false,O*NET Technology Skills 30.2,1,Computer Network Support Specialists
win_ce,Win CE,Operating system software,false,false,O*NET Technology Skills 30.2,2,Software Developers; Software Quality Assurance Analysts and Testers
wind_river_systems_vxworks,Wind River Systems VxWorks,Operating system software,false,false,O*NET Technology Skills 30.2,1,Software Quality Assurance Analysts and Testers
wind_river_vxworks,Wind River VxWorks,Operating system software,false,false,O*NET Technology Skills 30.2,2,Software Developers; Software Quality Assurance Analysts and Testers
winmerge,WinMerge,File versioning software,false,false,O*NET Technology Skills 30.2,1,Information Security Analysts
wireshark,Wireshark,Network monitoring software,false,false,O*NET Technology Skills 30.2,20,Business Intelligence Analysts; Computer Network Architects; Computer Network Support Specialists; Computer Programmers; Computer Systems Analysts; Computer Systems Engineers/Architects; Computer User Support Specialists; Database Administrators; Database Architects; Digital Forensics Analysts; Information Security Analysts; Information Security Engineers; Information Technology Project Managers; Network and Computer Systems Administrators; Penetration Testers; Software Developers; Software Quality Assurance Analysts and Testers; Telecommunications Engineering Specialists; Web Developers; Web and Digital Interface Designers
wisdomforce_databasesync,WisdomForce DatabaseSync,Metadata management software,false,false,O*NET Technology Skills 30.2,2,Data Warehousing Specialists; Database Architects
wise_solutions_wise_for_windows_installer,Wise Solutions Wise for Windows Installer,Configuration management software,false,false,O*NET Technology Skills 30.2,1,Computer Systems Analysts
wordpress,WordPress,Web page creation and editing software,true,true,O*NET Technology Skills 30.2,3,Software Developers; Web Administrators; Web Developers
workday,Workday,Enterprise resource planning ERP software,true,false,O*NET Technology Skills 30.2,1,Software Developers
workflow,Workflow,Content workflow software,false,false,O*NET Technology Skills 30.2,2,Computer Programmers; Software Quality Assurance Analysts and Testers
wrike,Wrike,Cloud-based data access and sharing software,false,false,O*NET Technology Skills 30.2,1,Information Technology Project Managers
xcode,Xcode,Development environment software,false,false,O*NET Technology Skills 30.2,2,Software Developers; Software Quality Assurance Analysts and Testers
xerces2_java_parser,Xerces2 Java Parser,Development environment software,false,false,O*NET Technology Skills 30.2,1,Computer Programmers
xgboost,XGBoost,Development environment software,false,false,O*NET Technology Skills 30.2,1,Data Scientists
xml,XML,Enterprise application integration software,true,true,O*NET Technology Skills 30.2,21,Business Intelligence Analysts; Computer Network Architects; Computer Programmers; Computer Systems Analysts; Computer Systems Engineers/Architects; Computer User Support Specialists; Computer and Information Research Scientists; Computer and Information Systems Managers; Data Warehousing Specialists; Database Administrators; Database Architects; Digital Forensics Analysts; Information Security Analysts; Information Technology Project Managers; Network and Computer Systems Administrators; Software Developers; Software Quality Assurance Analysts and Testers; Video Game Designers; Web Administrators; Web Developers; Web and Digital Interface Designers
xml_path_language_xpath,XML Path Language XPATH,Development environment software,false,false,O*NET Technology Skills 30.2,2,Software Developers; Software Quality Assurance Analysts and Testers
xplanner,Xplanner,Data base user interface and query software,false,false,O*NET Technology Skills 30.2,1,Information Technology Project Managers
xquery,xQuery,Data base user interface and query software,false,false,O*NET Technology Skills 30.2,1,Computer Systems Engineers/Architects
yardi,Yardi,Data base user interface and query software,true,false,O*NET Technology Skills 30.2,1,Computer User Support Specialists
yourkit_java_profiler,YourKit Java Profiler,Program testing software,false,false,O*NET Technology Skills 30.2,1,Software Quality Assurance Analysts and Testers
youtube,YouTube,Video creation and editing software,false,false,O*NET Technology Skills 30.2,7,Business Intelligence Analysts; Computer Systems Analysts; Computer User Support Specialists; Software Developers; Software Quality Assurance Analysts and Testers; Web Developers; Web and Digital Interface Designers
zabbix,Zabbix,Network monitoring software,false,false,O*NET Technology Skills 30.2,4,Computer Network Support Specialists; Database Administrators; Database Architects; Network and Computer Systems Administrators
zend_framework,Zend Framework,Web platform development software,false,false,O*NET Technology Skills 30.2,2,Web Developers; Web and Digital Interface Designers
zephyr_extra_terminal_emulation,Zephyr EXTRA! Terminal Emulation,Network connectivity terminal emulation software,false,false,O*NET Technology Skills 30.2,1,Computer and Information Systems Managers
zmanda_amanda,Zmanda Amanda,Backup or archival software,false,false,O*NET Technology Skills 30.2,1,Telecommunications Engineering Specialists
zoho_projects,Zoho Projects,Project management software,false,false,O*NET Technology Skills 30.2,1,Information Technology Project Managers
zoom,Zoom,Video conferencing software,true,false,O*NET Technology Skills 30.2,3,Computer User Support Specialists; Software Developers; Software Quality Assurance Analysts and Testers
